Xcode_16.0.0.app
Xcode_16.0.app
Xcode_16.1.0.app
Xcode_16.1.app
Xcode_16.2.0.app
Xcode_16.2.app
Xcode_16.3.0.app
Xcode_16.3.app
Xcode_16.4.0.app
Xcode_16.4.app
Xcode_16.app
Xcode_26.0.1.app
Xcode_26.0.app
Xcode_26.1.1.app
Xcode_26.1.app
Xcode_26.2.0.app
Xcode_26.2.app
Xcode_26.3.0.app
Xcode_26.3.app
Xcode.app
Xcode 26.2
Build version 17C52
DriverKit SDKs:
	DriverKit 25.2                	-sdk driverkit25.2

iOS SDKs:
	iOS 26.2                      	-sdk iphoneos26.2

iOS Simulator SDKs:
	Simulator - iOS 26.2          	-sdk iphonesimulator26.2

macOS SDKs:
	macOS 26.2                    	-sdk macosx26.2
	macOS 26.2                    	-sdk macosx26.2

tvOS SDKs:
	tvOS 26.2                     	-sdk appletvos26.2

tvOS Simulator SDKs:
	Simulator - tvOS 26.2         	-sdk appletvsimulator26.2

visionOS SDKs:
	visionOS 26.2                 	-sdk xros26.2

visionOS Simulator SDKs:
	Simulator - visionOS 26.2     	-sdk xrsimulator26.2

watchOS SDKs:
	watchOS 26.2                  	-sdk watchos26.2

watchOS Simulator SDKs:
	Simulator - watchOS 26.2      	-sdk watchsimulator26.2

== Runtimes ==
iOS 18.5 (18.5 - 22F77) - com.apple.CoreSimulator.SimRuntime.iOS-18-5
iOS 18.6 (18.6 - 22G86) - com.apple.CoreSimulator.SimRuntime.iOS-18-6
iOS 26.0 (26.0.1 - 23A8464) - com.apple.CoreSimulator.SimRuntime.iOS-26-0
iOS 26.1 (26.1 - 23B86) - com.apple.CoreSimulator.SimRuntime.iOS-26-1
iOS 26.2 (26.2 - 23C54) - com.apple.CoreSimulator.SimRuntime.iOS-26-2
tvOS 18.5 (18.5 - 22L572) - com.apple.CoreSimulator.SimRuntime.tvOS-18-5
tvOS 26.1 (26.1 - 23J579) - com.apple.CoreSimulator.SimRuntime.tvOS-26-1
tvOS 26.2 (26.2 - 23K51) - com.apple.CoreSimulator.SimRuntime.tvOS-26-2
watchOS 11.5 (11.5 - 22T572) - com.apple.CoreSimulator.SimRuntime.watchOS-11-5
watchOS 26.1 (26.1 - 23S36) - com.apple.CoreSimulator.SimRuntime.watchOS-26-1
watchOS 26.2 (26.2 - 23S303) - com.apple.CoreSimulator.SimRuntime.watchOS-26-2
visionOS 2.3 (2.3 - 22N895) - com.apple.CoreSimulator.SimRuntime.xrOS-2-3
visionOS 2.4 (2.4 - 22O237) - com.apple.CoreSimulator.SimRuntime.xrOS-2-4
visionOS 2.5 (2.5 - 22O473) - com.apple.CoreSimulator.SimRuntime.xrOS-2-5
visionOS 26.1 (26.1 - 23N47) - com.apple.CoreSimulator.SimRuntime.xrOS-26-1
visionOS 26.2 (26.2 - 23N301) - com.apple.CoreSimulator.SimRuntime.xrOS-26-2
Command line invocation:
    /Applications/Xcode_26.2.app/Contents/Developer/usr/bin/xcodebuild -project Undirect.xcodeproj -scheme Undirect -configuration Release -sdk iphoneos -derivedDataPath build -destination generic/platform=iOS CODE_SIGNING_ALLOWED=NO CODE_SIGNING_REQUIRED=NO CODE_SIGN_IDENTITY= build

Build settings from command line:
    CODE_SIGN_IDENTITY = 
    CODE_SIGNING_ALLOWED = NO
    CODE_SIGNING_REQUIRED = NO
    SDKROOT = iphoneos26.2

2026-09-26 18:38:22.327 xcodebuild[3538:13482] [MT] IDERunDestination: Supported platforms for the buildables in the current scheme is empty.
note: Using codesigning identity override: 
ComputePackagePrebuildTargetDependencyGraph

Prepare packages

CreateBuildRequest

SendProjectDescription

CreateBuildOperation

ComputeTargetDependencyGraph
note: Building targets in dependency order
note: Target dependency graph (2 targets)
    Target 'Undirect' in project 'Undirect'
        ➜ Explicit dependency on target 'UndirectShare' in project 'Undirect'
    Target 'UndirectShare' in project 'Undirect' (no dependencies)

GatherProvisioningInputs

CreateBuildDescription

ExecuteExternalTool /Applications/Xcode_26.2.app/Contents/Developer/Toolchains/XcodeDefault.xctoolchain/usr/bin/clang -v -E -dM -isysroot /Applications/Xcode_26.2.app/Contents/Developer/Platforms/iPhoneOS.platform/Developer/SDKs/iPhoneOS26.2.sdk -x c -c /dev/null

ExecuteExternalTool /Applications/Xcode_26.2.app/Contents/Developer/Toolchains/XcodeDefault.xctoolchain/usr/bin/swiftc --version

ExecuteExternalTool /Applications/Xcode_26.2.app/Contents/Developer/usr/bin/actool --print-asset-tag-combinations --output-format xml1 /Users/runner/work/Undirect/Undirect/Sources/Assets.xcassets

ExecuteExternalTool /Applications/Xcode_26.2.app/Contents/Developer/Toolchains/XcodeDefault.xctoolchain/usr/bin/ld -version_details

ExecuteExternalTool /Applications/Xcode_26.2.app/Contents/Developer/usr/bin/actool --version --output-format xml1

Build description signature: 4d6e4aee1673b27fae93499e61bfe692
Build description path: /Users/runner/work/Undirect/Undirect/build/Build/Intermediates.noindex/XCBuildData/4d6e4aee1673b27fae93499e61bfe692.xcbuilddata
ClangStatCache /Applications/Xcode_26.2.app/Contents/Developer/Toolchains/XcodeDefault.xctoolchain/usr/bin/clang-stat-cache /Applications/Xcode_26.2.app/Contents/Developer/Platforms/iPhoneOS.platform/Developer/SDKs/iPhoneOS26.2.sdk /Users/runner/work/Undirect/Undirect/build/SDKStatCaches.noindex/iphoneos26.2-23C53-dc75598d0054f22ec865fa860f139d72e6485aba7f6c350f1fcf1acb823f48eb.sdkstatcache
    cd /Users/runner/work/Undirect/Undirect/Undirect.xcodeproj
    /Applications/Xcode_26.2.app/Contents/Developer/Toolchains/XcodeDefault.xctoolchain/usr/bin/clang-stat-cache /Applications/Xcode_26.2.app/Contents/Developer/Platforms/iPhoneOS.platform/Developer/SDKs/iPhoneOS26.2.sdk -o /Users/runner/work/Undirect/Undirect/build/SDKStatCaches.noindex/iphoneos26.2-23C53-dc75598d0054f22ec865fa860f139d72e6485aba7f6c350f1fcf1acb823f48eb.sdkstatcache

CreateBuildDirectory /Users/runner/work/Undirect/Undirect/build/Build/Products
    cd /Users/runner/work/Undirect/Undirect/Undirect.xcodeproj
    builtin-create-build-directory /Users/runner/work/Undirect/Undirect/build/Build/Products

CreateBuildDirectory /Users/runner/work/Undirect/Undirect/build/Build/Intermediates.noindex
    cd /Users/runner/work/Undirect/Undirect/Undirect.xcodeproj
    builtin-create-build-directory /Users/runner/work/Undirect/Undirect/build/Build/Intermediates.noindex

CreateBuildDirectory /Users/runner/work/Undirect/Undirect/build/Build/Products/Release-iphoneos
    cd /Users/runner/work/Undirect/Undirect/Undirect.xcodeproj
    builtin-create-build-directory /Users/runner/work/Undirect/Undirect/build/Build/Products/Release-iphoneos

WriteAuxiliaryFile /Users/runner/work/Undirect/Undirect/build/Build/Intermediates.noindex/Undirect.build/Release-iphoneos/Undirect-731f3ae7a270850e7ec684296b20f85c-VFS-iphoneos/all-product-headers.yaml
    cd /Users/runner/work/Undirect/Undirect/Undirect.xcodeproj
    write-file /Users/runner/work/Undirect/Undirect/build/Build/Intermediates.noindex/Undirect.build/Release-iphoneos/Undirect-731f3ae7a270850e7ec684296b20f85c-VFS-iphoneos/all-product-headers.yaml

CreateBuildDirectory /Users/runner/work/Undirect/Undirect/build/Build/Intermediates.noindex/SwiftExplicitPrecompiledModules
    cd /Users/runner/work/Undirect/Undirect/Undirect.xcodeproj
    builtin-create-build-directory /Users/runner/work/Undirect/Undirect/build/Build/Intermediates.noindex/SwiftExplicitPrecompiledModules

CreateBuildDirectory /Users/runner/work/Undirect/Undirect/build/Build/Intermediates.noindex/ExplicitPrecompiledModules
    cd /Users/runner/work/Undirect/Undirect/Undirect.xcodeproj
    builtin-create-build-directory /Users/runner/work/Undirect/Undirect/build/Build/Intermediates.noindex/ExplicitPrecompiledModules

CreateBuildDirectory /Users/runner/work/Undirect/Undirect/build/Build/Intermediates.noindex/EagerLinkingTBDs/Release-iphoneos
    cd /Users/runner/work/Undirect/Undirect/Undirect.xcodeproj
    builtin-create-build-directory /Users/runner/work/Undirect/Undirect/build/Build/Intermediates.noindex/EagerLinkingTBDs/Release-iphoneos

WriteAuxiliaryFile /Users/runner/work/Undirect/Undirect/build/Build/Intermediates.noindex/Undirect.build/Release-iphoneos/UndirectShare.build/UndirectShare-project-headers.hmap (in target 'UndirectShare' from project 'Undirect')
    cd /Users/runner/work/Undirect/Undirect
    write-file /Users/runner/work/Undirect/Undirect/build/Build/Intermediates.noindex/Undirect.build/Release-iphoneos/UndirectShare.build/UndirectShare-project-headers.hmap

WriteAuxiliaryFile /Users/runner/work/Undirect/Undirect/build/Build/Intermediates.noindex/Undirect.build/Release-iphoneos/UndirectShare.build/UndirectShare.hmap (in target 'UndirectShare' from project 'Undirect')
    cd /Users/runner/work/Undirect/Undirect
    write-file /Users/runner/work/Undirect/Undirect/build/Build/Intermediates.noindex/Undirect.build/Release-iphoneos/UndirectShare.build/UndirectShare.hmap

WriteAuxiliaryFile /Users/runner/work/Undirect/Undirect/build/Build/Intermediates.noindex/Undirect.build/Release-iphoneos/UndirectShare.build/UndirectShare.DependencyStaticMetadataFileList (in target 'UndirectShare' from project 'Undirect')
    cd /Users/runner/work/Undirect/Undirect
    write-file /Users/runner/work/Undirect/Undirect/build/Build/Intermediates.noindex/Undirect.build/Release-iphoneos/UndirectShare.build/UndirectShare.DependencyStaticMetadataFileList

WriteAuxiliaryFile /Users/runner/work/Undirect/Undirect/build/Build/Intermediates.noindex/Undirect.build/Release-iphoneos/UndirectShare.build/UndirectShare.DependencyMetadataFileList (in target 'UndirectShare' from project 'Undirect')
    cd /Users/runner/work/Undirect/Undirect
    write-file /Users/runner/work/Undirect/Undirect/build/Build/Intermediates.noindex/Undirect.build/Release-iphoneos/UndirectShare.build/UndirectShare.DependencyMetadataFileList

WriteAuxiliaryFile /Users/runner/work/Undirect/Undirect/build/Build/Intermediates.noindex/Undirect.build/Release-iphoneos/UndirectShare.build/UndirectShare-own-target-headers.hmap (in target 'UndirectShare' from project 'Undirect')
    cd /Users/runner/work/Undirect/Undirect
    write-file /Users/runner/work/Undirect/Undirect/build/Build/Intermediates.noindex/Undirect.build/Release-iphoneos/UndirectShare.build/UndirectShare-own-target-headers.hmap

WriteAuxiliaryFile /Users/runner/work/Undirect/Undirect/build/Build/Intermediates.noindex/Undirect.build/Release-iphoneos/UndirectShare.build/UndirectShare-generated-files.hmap (in target 'UndirectShare' from project 'Undirect')
    cd /Users/runner/work/Undirect/Undirect
    write-file /Users/runner/work/Undirect/Undirect/build/Build/Intermediates.noindex/Undirect.build/Release-iphoneos/UndirectShare.build/UndirectShare-generated-files.hmap

WriteAuxiliaryFile /Users/runner/work/Undirect/Undirect/build/Build/Intermediates.noindex/Undirect.build/Release-iphoneos/UndirectShare.build/UndirectShare-all-target-headers.hmap (in target 'UndirectShare' from project 'Undirect')
    cd /Users/runner/work/Undirect/Undirect
    write-file /Users/runner/work/Undirect/Undirect/build/Build/Intermediates.noindex/Undirect.build/Release-iphoneos/UndirectShare.build/UndirectShare-all-target-headers.hmap

WriteAuxiliaryFile /Users/runner/work/Undirect/Undirect/build/Build/Intermediates.noindex/Undirect.build/Release-iphoneos/UndirectShare.build/UndirectShare-all-non-framework-target-headers.hmap (in target 'UndirectShare' from project 'Undirect')
    cd /Users/runner/work/Undirect/Undirect
    write-file /Users/runner/work/Undirect/Undirect/build/Build/Intermediates.noindex/Undirect.build/Release-iphoneos/UndirectShare.build/UndirectShare-all-non-framework-target-headers.hmap

WriteAuxiliaryFile /Users/runner/work/Undirect/Undirect/build/Build/Intermediates.noindex/Undirect.build/Release-iphoneos/UndirectShare.build/Objects-normal/arm64/UndirectShare_const_extract_protocols.json (in target 'UndirectShare' from project 'Undirect')
    cd /Users/runner/work/Undirect/Undirect
    write-file /Users/runner/work/Undirect/Undirect/build/Build/Intermediates.noindex/Undirect.build/Release-iphoneos/UndirectShare.build/Objects-normal/arm64/UndirectShare_const_extract_protocols.json

WriteAuxiliaryFile /Users/runner/work/Undirect/Undirect/build/Build/Intermediates.noindex/Undirect.build/Release-iphoneos/UndirectShare.build/Objects-normal/arm64/UndirectShare.SwiftFileList (in target 'UndirectShare' from project 'Undirect')
    cd /Users/runner/work/Undirect/Undirect
    write-file /Users/runner/work/Undirect/Undirect/build/Build/Intermediates.noindex/Undirect.build/Release-iphoneos/UndirectShare.build/Objects-normal/arm64/UndirectShare.SwiftFileList

WriteAuxiliaryFile /Users/runner/work/Undirect/Undirect/build/Build/Intermediates.noindex/Undirect.build/Release-iphoneos/UndirectShare.build/Objects-normal/arm64/UndirectShare.SwiftConstValuesFileList (in target 'UndirectShare' from project 'Undirect')
    cd /Users/runner/work/Undirect/Undirect
    write-file /Users/runner/work/Undirect/Undirect/build/Build/Intermediates.noindex/Undirect.build/Release-iphoneos/UndirectShare.build/Objects-normal/arm64/UndirectShare.SwiftConstValuesFileList

WriteAuxiliaryFile /Users/runner/work/Undirect/Undirect/build/Build/Intermediates.noindex/Undirect.build/Release-iphoneos/UndirectShare.build/Objects-normal/arm64/UndirectShare.LinkFileList (in target 'UndirectShare' from project 'Undirect')
    cd /Users/runner/work/Undirect/Undirect
    write-file /Users/runner/work/Undirect/Undirect/build/Build/Intermediates.noindex/Undirect.build/Release-iphoneos/UndirectShare.build/Objects-normal/arm64/UndirectShare.LinkFileList

WriteAuxiliaryFile /Users/runner/work/Undirect/Undirect/build/Build/Intermediates.noindex/Undirect.build/Release-iphoneos/UndirectShare.build/Objects-normal/arm64/UndirectShare-OutputFileMap.json (in target 'UndirectShare' from project 'Undirect')
    cd /Users/runner/work/Undirect/Undirect
    write-file /Users/runner/work/Undirect/Undirect/build/Build/Intermediates.noindex/Undirect.build/Release-iphoneos/UndirectShare.build/Objects-normal/arm64/UndirectShare-OutputFileMap.json

MkDir /Users/runner/work/Undirect/Undirect/build/Build/Products/Release-iphoneos/UndirectShare.appex (in target 'UndirectShare' from project 'Undirect')
    cd /Users/runner/work/Undirect/Undirect
    /bin/mkdir -p /Users/runner/work/Undirect/Undirect/build/Build/Products/Release-iphoneos/UndirectShare.appex

ProcessInfoPlistFile /Users/runner/work/Undirect/Undirect/build/Build/Products/Release-iphoneos/UndirectShare.appex/Info.plist /Users/runner/work/Undirect/Undirect/ShareExtension/Info.plist (in target 'UndirectShare' from project 'Undirect')
    cd /Users/runner/work/Undirect/Undirect
    builtin-infoPlistUtility /Users/runner/work/Undirect/Undirect/ShareExtension/Info.plist -producttype com.apple.product-type.app-extension -expandbuildsettings -format binary -platform iphoneos -requiredArchitecture arm64 -o /Users/runner/work/Undirect/Undirect/build/Build/Products/Release-iphoneos/UndirectShare.appex/Info.plist

ProcessXCFramework /Users/runner/work/Undirect/Undirect/Frameworks/tor-nolzma.xcframework /Users/runner/work/Undirect/Undirect/build/Build/Products/Release-iphoneos/tor-nolzma.framework ios
    cd /Users/runner/work/Undirect/Undirect/Undirect.xcodeproj
    builtin-process-xcframework --xcframework /Users/runner/work/Undirect/Undirect/Frameworks/tor-nolzma.xcframework --platform ios --target-path /Users/runner/work/Undirect/Undirect/build/Build/Products/Release-iphoneos

WriteAuxiliaryFile /Users/runner/work/Undirect/Undirect/build/Build/Intermediates.noindex/Undirect.build/Release-iphoneos/Undirect.build/Undirect.hmap (in target 'Undirect' from project 'Undirect')
    cd /Users/runner/work/Undirect/Undirect
    write-file /Users/runner/work/Undirect/Undirect/build/Build/Intermediates.noindex/Undirect.build/Release-iphoneos/Undirect.build/Undirect.hmap

WriteAuxiliaryFile /Users/runner/work/Undirect/Undirect/build/Build/Intermediates.noindex/Undirect.build/Release-iphoneos/Undirect.build/Undirect.DependencyStaticMetadataFileList (in target 'Undirect' from project 'Undirect')
    cd /Users/runner/work/Undirect/Undirect
    write-file /Users/runner/work/Undirect/Undirect/build/Build/Intermediates.noindex/Undirect.build/Release-iphoneos/Undirect.build/Undirect.DependencyStaticMetadataFileList

WriteAuxiliaryFile /Users/runner/work/Undirect/Undirect/build/Build/Intermediates.noindex/Undirect.build/Release-iphoneos/Undirect.build/Undirect.DependencyMetadataFileList (in target 'Undirect' from project 'Undirect')
    cd /Users/runner/work/Undirect/Undirect
    write-file /Users/runner/work/Undirect/Undirect/build/Build/Intermediates.noindex/Undirect.build/Release-iphoneos/Undirect.build/Undirect.DependencyMetadataFileList

WriteAuxiliaryFile /Users/runner/work/Undirect/Undirect/build/Build/Intermediates.noindex/Undirect.build/Release-iphoneos/Undirect.build/Undirect-project-headers.hmap (in target 'Undirect' from project 'Undirect')
    cd /Users/runner/work/Undirect/Undirect
    write-file /Users/runner/work/Undirect/Undirect/build/Build/Intermediates.noindex/Undirect.build/Release-iphoneos/Undirect.build/Undirect-project-headers.hmap

WriteAuxiliaryFile /Users/runner/work/Undirect/Undirect/build/Build/Intermediates.noindex/Undirect.build/Release-iphoneos/Undirect.build/Undirect-own-target-headers.hmap (in target 'Undirect' from project 'Undirect')
    cd /Users/runner/work/Undirect/Undirect
    write-file /Users/runner/work/Undirect/Undirect/build/Build/Intermediates.noindex/Undirect.build/Release-iphoneos/Undirect.build/Undirect-own-target-headers.hmap

WriteAuxiliaryFile /Users/runner/work/Undirect/Undirect/build/Build/Intermediates.noindex/Undirect.build/Release-iphoneos/Undirect.build/Undirect-generated-files.hmap (in target 'Undirect' from project 'Undirect')
    cd /Users/runner/work/Undirect/Undirect
    write-file /Users/runner/work/Undirect/Undirect/build/Build/Intermediates.noindex/Undirect.build/Release-iphoneos/Undirect.build/Undirect-generated-files.hmap

WriteAuxiliaryFile /Users/runner/work/Undirect/Undirect/build/Build/Intermediates.noindex/Undirect.build/Release-iphoneos/Undirect.build/Undirect-all-target-headers.hmap (in target 'Undirect' from project 'Undirect')
    cd /Users/runner/work/Undirect/Undirect
    write-file /Users/runner/work/Undirect/Undirect/build/Build/Intermediates.noindex/Undirect.build/Release-iphoneos/Undirect.build/Undirect-all-target-headers.hmap

WriteAuxiliaryFile /Users/runner/work/Undirect/Undirect/build/Build/Intermediates.noindex/Undirect.build/Release-iphoneos/Undirect.build/Undirect-all-non-framework-target-headers.hmap (in target 'Undirect' from project 'Undirect')
    cd /Users/runner/work/Undirect/Undirect
    write-file /Users/runner/work/Undirect/Undirect/build/Build/Intermediates.noindex/Undirect.build/Release-iphoneos/Undirect.build/Undirect-all-non-framework-target-headers.hmap

WriteAuxiliaryFile /Users/runner/work/Undirect/Undirect/build/Build/Intermediates.noindex/Undirect.build/Release-iphoneos/Undirect.build/Objects-normal/arm64/Undirect_const_extract_protocols.json (in target 'Undirect' from project 'Undirect')
    cd /Users/runner/work/Undirect/Undirect
    write-file /Users/runner/work/Undirect/Undirect/build/Build/Intermediates.noindex/Undirect.build/Release-iphoneos/Undirect.build/Objects-normal/arm64/Undirect_const_extract_protocols.json

WriteAuxiliaryFile /Users/runner/work/Undirect/Undirect/build/Build/Intermediates.noindex/Undirect.build/Release-iphoneos/Undirect.build/Objects-normal/arm64/Undirect.SwiftFileList (in target 'Undirect' from project 'Undirect')
    cd /Users/runner/work/Undirect/Undirect
    write-file /Users/runner/work/Undirect/Undirect/build/Build/Intermediates.noindex/Undirect.build/Release-iphoneos/Undirect.build/Objects-normal/arm64/Undirect.SwiftFileList

WriteAuxiliaryFile /Users/runner/work/Undirect/Undirect/build/Build/Intermediates.noindex/Undirect.build/Release-iphoneos/Undirect.build/Objects-normal/arm64/Undirect.SwiftConstValuesFileList (in target 'Undirect' from project 'Undirect')
    cd /Users/runner/work/Undirect/Undirect
    write-file /Users/runner/work/Undirect/Undirect/build/Build/Intermediates.noindex/Undirect.build/Release-iphoneos/Undirect.build/Objects-normal/arm64/Undirect.SwiftConstValuesFileList

WriteAuxiliaryFile /Users/runner/work/Undirect/Undirect/build/Build/Intermediates.noindex/Undirect.build/Release-iphoneos/Undirect.build/Objects-normal/arm64/Undirect.LinkFileList (in target 'Undirect' from project 'Undirect')
    cd /Users/runner/work/Undirect/Undirect
    write-file /Users/runner/work/Undirect/Undirect/build/Build/Intermediates.noindex/Undirect.build/Release-iphoneos/Undirect.build/Objects-normal/arm64/Undirect.LinkFileList

WriteAuxiliaryFile /Users/runner/work/Undirect/Undirect/build/Build/Intermediates.noindex/Undirect.build/Release-iphoneos/Undirect.build/Objects-normal/arm64/Undirect-OutputFileMap.json (in target 'Undirect' from project 'Undirect')
    cd /Users/runner/work/Undirect/Undirect
    write-file /Users/runner/work/Undirect/Undirect/build/Build/Intermediates.noindex/Undirect.build/Release-iphoneos/Undirect.build/Objects-normal/arm64/Undirect-OutputFileMap.json

MkDir /Users/runner/work/Undirect/Undirect/build/Build/Products/Release-iphoneos/Undirect.app/PlugIns (in target 'Undirect' from project 'Undirect')
    cd /Users/runner/work/Undirect/Undirect
    /bin/mkdir -p /Users/runner/work/Undirect/Undirect/build/Build/Products/Release-iphoneos/Undirect.app/PlugIns

MkDir /Users/runner/work/Undirect/Undirect/build/Build/Products/Release-iphoneos/Undirect.app (in target 'Undirect' from project 'Undirect')
    cd /Users/runner/work/Undirect/Undirect
    /bin/mkdir -p /Users/runner/work/Undirect/Undirect/build/Build/Products/Release-iphoneos/Undirect.app

SwiftDriver UndirectShare normal arm64 com.apple.xcode.tools.swift.compiler (in target 'UndirectShare' from project 'Undirect')
    cd /Users/runner/work/Undirect/Undirect
    builtin-SwiftDriver -- /Applications/Xcode_26.2.app/Contents/Developer/Toolchains/XcodeDefault.xctoolchain/usr/bin/swiftc -module-name UndirectShare -O -whole-module-optimization -enforce-exclusivity\=checked @/Users/runner/work/Undirect/Undirect/build/Build/Intermediates.noindex/Undirect.build/Release-iphoneos/UndirectShare.build/Objects-normal/arm64/UndirectShare.SwiftFileList -enable-bare-slash-regex -enable-experimental-feature DebugDescriptionMacro -sdk /Applications/Xcode_26.2.app/Contents/Developer/Platforms/iPhoneOS.platform/Developer/SDKs/iPhoneOS26.2.sdk -target arm64-apple-ios17.0 -g -module-cache-path /Users/runner/work/Undirect/Undirect/build/ModuleCache.noindex -Xfrontend -serialize-debugging-options -application-extension -swift-version 5 -I /Users/runner/work/Undirect/Undirect/build/Build/Products/Release-iphoneos -F /Users/runner/work/Undirect/Undirect/build/Build/Products/Release-iphoneos -parse-as-library -c -num-threads 3 -Xcc -ivfsstatcache -Xcc /Users/runner/work/Undirect/Undirect/build/SDKStatCaches.noindex/iphoneos26.2-23C53-dc75598d0054f22ec865fa860f139d72e6485aba7f6c350f1fcf1acb823f48eb.sdkstatcache -output-file-map /Users/runner/work/Undirect/Undirect/build/Build/Intermediates.noindex/Undirect.build/Release-iphoneos/UndirectShare.build/Objects-normal/arm64/UndirectShare-OutputFileMap.json -use-frontend-parseable-output -save-temps -no-color-diagnostics -explicit-module-build -module-cache-path /Users/runner/work/Undirect/Undirect/build/Build/Intermediates.noindex/SwiftExplicitPrecompiledModules -clang-scanner-module-cache-path /Users/runner/work/Undirect/Undirect/build/ModuleCache.noindex -sdk-module-cache-path /Users/runner/work/Undirect/Undirect/build/ModuleCache.noindex -serialize-diagnostics -emit-dependencies -emit-module -emit-module-path /Users/runner/work/Undirect/Undirect/build/Build/Intermediates.noindex/Undirect.build/Release-iphoneos/UndirectShare.build/Objects-normal/arm64/UndirectShare.swiftmodule -validate-clang-modules-once -clang-build-session-file /Users/runner/work/Undirect/Undirect/build/ModuleCache.noindex/Session.modulevalidation -Xcc -I/Users/runner/work/Undirect/Undirect/build/Build/Intermediates.noindex/Undirect.build/Release-iphoneos/UndirectShare.build/swift-overrides.hmap -emit-const-values -Xfrontend -const-gather-protocols-file -Xfrontend /Users/runner/work/Undirect/Undirect/build/Build/Intermediates.noindex/Undirect.build/Release-iphoneos/UndirectShare.build/Objects-normal/arm64/UndirectShare_const_extract_protocols.json -Xcc -iquote -Xcc /Users/runner/work/Undirect/Undirect/build/Build/Intermediates.noindex/Undirect.build/Release-iphoneos/UndirectShare.build/UndirectShare-generated-files.hmap -Xcc -I/Users/runner/work/Undirect/Undirect/build/Build/Intermediates.noindex/Undirect.build/Release-iphoneos/UndirectShare.build/UndirectShare-own-target-headers.hmap -Xcc -I/Users/runner/work/Undirect/Undirect/build/Build/Intermediates.noindex/Undirect.build/Release-iphoneos/UndirectShare.build/UndirectShare-all-target-headers.hmap -Xcc -iquote -Xcc /Users/runner/work/Undirect/Undirect/build/Build/Intermediates.noindex/Undirect.build/Release-iphoneos/UndirectShare.build/UndirectShare-project-headers.hmap -Xcc -I/Users/runner/work/Undirect/Undirect/build/Build/Products/Release-iphoneos/include -Xcc -I/Users/runner/work/Undirect/Undirect/build/Build/Intermediates.noindex/Undirect.build/Release-iphoneos/UndirectShare.build/DerivedSources-normal/arm64 -Xcc -I/Users/runner/work/Undirect/Undirect/build/Build/Intermediates.noindex/Undirect.build/Release-iphoneos/UndirectShare.build/DerivedSources/arm64 -Xcc -I/Users/runner/work/Undirect/Undirect/build/Build/Intermediates.noindex/Undirect.build/Release-iphoneos/UndirectShare.build/DerivedSources -emit-objc-header -emit-objc-header-path /Users/runner/work/Undirect/Undirect/build/Build/Intermediates.noindex/Undirect.build/Release-iphoneos/UndirectShare.build/Objects-normal/arm64/UndirectShare-Swift.h -working-directory /Users/runner/work/Undirect/Undirect -no-emit-module-separately-wmo

SwiftDriver\ Compilation UndirectShare normal arm64 com.apple.xcode.tools.swift.compiler (in target 'UndirectShare' from project 'Undirect')
    cd /Users/runner/work/Undirect/Undirect
    builtin-Swift-Compilation -- /Applications/Xcode_26.2.app/Contents/Developer/Toolchains/XcodeDefault.xctoolchain/usr/bin/swiftc -module-name UndirectShare -O -whole-module-optimization -enforce-exclusivity\=checked @/Users/runner/work/Undirect/Undirect/build/Build/Intermediates.noindex/Undirect.build/Release-iphoneos/UndirectShare.build/Objects-normal/arm64/UndirectShare.SwiftFileList -enable-bare-slash-regex -enable-experimental-feature DebugDescriptionMacro -sdk /Applications/Xcode_26.2.app/Contents/Developer/Platforms/iPhoneOS.platform/Developer/SDKs/iPhoneOS26.2.sdk -target arm64-apple-ios17.0 -g -module-cache-path /Users/runner/work/Undirect/Undirect/build/ModuleCache.noindex -Xfrontend -serialize-debugging-options -application-extension -swift-version 5 -I /Users/runner/work/Undirect/Undirect/build/Build/Products/Release-iphoneos -F /Users/runner/work/Undirect/Undirect/build/Build/Products/Release-iphoneos -parse-as-library -c -num-threads 3 -Xcc -ivfsstatcache -Xcc /Users/runner/work/Undirect/Undirect/build/SDKStatCaches.noindex/iphoneos26.2-23C53-dc75598d0054f22ec865fa860f139d72e6485aba7f6c350f1fcf1acb823f48eb.sdkstatcache -output-file-map /Users/runner/work/Undirect/Undirect/build/Build/Intermediates.noindex/Undirect.build/Release-iphoneos/UndirectShare.build/Objects-normal/arm64/UndirectShare-OutputFileMap.json -use-frontend-parseable-output -save-temps -no-color-diagnostics -explicit-module-build -module-cache-path /Users/runner/work/Undirect/Undirect/build/Build/Intermediates.noindex/SwiftExplicitPrecompiledModules -clang-scanner-module-cache-path /Users/runner/work/Undirect/Undirect/build/ModuleCache.noindex -sdk-module-cache-path /Users/runner/work/Undirect/Undirect/build/ModuleCache.noindex -serialize-diagnostics -emit-dependencies -emit-module -emit-module-path /Users/runner/work/Undirect/Undirect/build/Build/Intermediates.noindex/Undirect.build/Release-iphoneos/UndirectShare.build/Objects-normal/arm64/UndirectShare.swiftmodule -validate-clang-modules-once -clang-build-session-file /Users/runner/work/Undirect/Undirect/build/ModuleCache.noindex/Session.modulevalidation -Xcc -I/Users/runner/work/Undirect/Undirect/build/Build/Intermediates.noindex/Undirect.build/Release-iphoneos/UndirectShare.build/swift-overrides.hmap -emit-const-values -Xfrontend -const-gather-protocols-file -Xfrontend /Users/runner/work/Undirect/Undirect/build/Build/Intermediates.noindex/Undirect.build/Release-iphoneos/UndirectShare.build/Objects-normal/arm64/UndirectShare_const_extract_protocols.json -Xcc -iquote -Xcc /Users/runner/work/Undirect/Undirect/build/Build/Intermediates.noindex/Undirect.build/Release-iphoneos/UndirectShare.build/UndirectShare-generated-files.hmap -Xcc -I/Users/runner/work/Undirect/Undirect/build/Build/Intermediates.noindex/Undirect.build/Release-iphoneos/UndirectShare.build/UndirectShare-own-target-headers.hmap -Xcc -I/Users/runner/work/Undirect/Undirect/build/Build/Intermediates.noindex/Undirect.build/Release-iphoneos/UndirectShare.build/UndirectShare-all-target-headers.hmap -Xcc -iquote -Xcc /Users/runner/work/Undirect/Undirect/build/Build/Intermediates.noindex/Undirect.build/Release-iphoneos/UndirectShare.build/UndirectShare-project-headers.hmap -Xcc -I/Users/runner/work/Undirect/Undirect/build/Build/Products/Release-iphoneos/include -Xcc -I/Users/runner/work/Undirect/Undirect/build/Build/Intermediates.noindex/Undirect.build/Release-iphoneos/UndirectShare.build/DerivedSources-normal/arm64 -Xcc -I/Users/runner/work/Undirect/Undirect/build/Build/Intermediates.noindex/Undirect.build/Release-iphoneos/UndirectShare.build/DerivedSources/arm64 -Xcc -I/Users/runner/work/Undirect/Undirect/build/Build/Intermediates.noindex/Undirect.build/Release-iphoneos/UndirectShare.build/DerivedSources -emit-objc-header -emit-objc-header-path /Users/runner/work/Undirect/Undirect/build/Build/Intermediates.noindex/Undirect.build/Release-iphoneos/UndirectShare.build/Objects-normal/arm64/UndirectShare-Swift.h -working-directory /Users/runner/work/Undirect/Undirect -no-emit-module-separately-wmo

SwiftExplicitDependencyGeneratePcm arm64 /Users/runner/work/Undirect/Undirect/build/ModuleCache.noindex/ptrcheck-8HITK47SR600S8PYPT4HJM5ZD.pcm

SwiftExplicitDependencyGeneratePcm arm64 /Users/runner/work/Undirect/Undirect/build/ModuleCache.noindex/_Builtin_stddef-50F9BAO7OW2MUZ45NH66DH0UM.pcm

SwiftExplicitDependencyGeneratePcm arm64 /Users/runner/work/Undirect/Undirect/build/ModuleCache.noindex/_Builtin_stdarg-2159Y9DD6AZHLJBDBUG9XVBVF.pcm

SwiftExplicitDependencyGeneratePcm arm64 /Users/runner/work/Undirect/Undirect/build/ModuleCache.noindex/ptrauth-9R9R9TPPRHSG574MTOZKUM6KZ.pcm

SwiftExplicitDependencyGeneratePcm arm64 /Users/runner/work/Undirect/Undirect/build/ModuleCache.noindex/SwiftShims-DI5PXN3BH9DBSEJ6T0N5VWYQ6.pcm

SwiftExplicitDependencyGeneratePcm arm64 /Users/runner/work/Undirect/Undirect/build/ModuleCache.noindex/_AvailabilityInternal-8DJZ24E90RMIM3RNEB71B20AJ.pcm

SwiftExplicitDependencyGeneratePcm arm64 /Users/runner/work/Undirect/Undirect/build/ModuleCache.noindex/_SwiftConcurrencyShims-4N2T67WFCR0167W6IW6ZSTYDS.pcm

SwiftExplicitDependencyGeneratePcm arm64 /Users/runner/work/Undirect/Undirect/build/ModuleCache.noindex/_Builtin_stdbool-S7ZQIMTVPBC4PLTVNDTA6UZE.pcm

SwiftExplicitDependencyGeneratePcm arm64 /Users/runner/work/Undirect/Undirect/build/ModuleCache.noindex/_DarwinFoundation1-EYQR32AGBUM0AW3G5T4F5CWYB.pcm

SwiftExplicitDependencyGeneratePcm arm64 /Users/runner/work/Undirect/Undirect/build/ModuleCache.noindex/DeveloperToolsSupport-T3TLGSM801G2IOIO26IO6GTI.pcm

SwiftExplicitDependencyGeneratePcm arm64 /Users/runner/work/Undirect/Undirect/build/ModuleCache.noindex/_Builtin_float-EDK1JVFEP2G6WGQ5LX1IHC9YH.pcm

SwiftExplicitDependencyGeneratePcm arm64 /Users/runner/work/Undirect/Undirect/build/ModuleCache.noindex/_DarwinFoundation2-3VXKHWEQQDD9A2SUPS4E86ZDK.pcm

SwiftExplicitDependencyGeneratePcm arm64 /Users/runner/work/Undirect/Undirect/build/ModuleCache.noindex/_Builtin_limits-A3J8HQJW5VIOBYDF82B8QXUFJ.pcm

SwiftExplicitDependencyGeneratePcm arm64 /Users/runner/work/Undirect/Undirect/build/ModuleCache.noindex/sys_types-80DKQ9ZUBFVK5PCYQ06VWKUN5.pcm

SwiftExplicitDependencyGeneratePcm arm64 /Users/runner/work/Undirect/Undirect/build/ModuleCache.noindex/_Builtin_stdint-29AHK48Q9HDK5SC60EVVYI9C8.pcm

SwiftExplicitDependencyGeneratePcm arm64 /Users/runner/work/Undirect/Undirect/build/ModuleCache.noindex/_Builtin_stdatomic-8O2OFXR7WTWC17THYDQZSIAYS.pcm

SwiftExplicitDependencyGeneratePcm arm64 /Users/runner/work/Undirect/Undirect/build/ModuleCache.noindex/_DarwinFoundation3-5CIO1X7JC8TNITNUNDKTWV521.pcm

SwiftExplicitDependencyGeneratePcm arm64 /Users/runner/work/Undirect/Undirect/build/ModuleCache.noindex/_Builtin_inttypes-DODWWWBW51OGGQ7T0R7G8F452.pcm

SwiftExplicitDependencyGeneratePcm arm64 /Users/runner/work/Undirect/Undirect/build/ModuleCache.noindex/Darwin-ACUEGX7YKHOQLHWHT2K4CQVCW.pcm

SwiftExplicitDependencyGeneratePcm arm64 /Users/runner/work/Undirect/Undirect/build/ModuleCache.noindex/MachO-CO5T5E8TMFOY38UO9ZMDUXUS0.pcm

SwiftExplicitDependencyGeneratePcm arm64 /Users/runner/work/Undirect/Undirect/build/ModuleCache.noindex/ObjectiveC-AOYOQFSP5F7ZO4XJ7PPEHL9L1.pcm

SwiftExplicitDependencyGeneratePcm arm64 /Users/runner/work/Undirect/Undirect/build/ModuleCache.noindex/os_object-15L0YUEXIWWWLVCY3VUFW7EH1.pcm

SwiftExplicitDependencyGeneratePcm arm64 /Users/runner/work/Undirect/Undirect/build/ModuleCache.noindex/os_workgroup-8GCT1VD8EJG5N1149CMBX1JSN.pcm

SwiftExplicitDependencyGeneratePcm arm64 /Users/runner/work/Undirect/Undirect/build/ModuleCache.noindex/Dispatch-2E617YCJKU7X031MAKGT4MEMO.pcm

SwiftExplicitDependencyGeneratePcm arm64 /Users/runner/work/Undirect/Undirect/build/ModuleCache.noindex/XPC-4S9XXAG2HL2WZZFWIJ5DUBGT6.pcm

SwiftExplicitDependencyGeneratePcm arm64 /Users/runner/work/Undirect/Undirect/build/ModuleCache.noindex/CoreFoundation-6DYOYUFPAIR08ZGR4RQI9H93R.pcm

SwiftExplicitDependencyGeneratePcm arm64 /Users/runner/work/Undirect/Undirect/build/ModuleCache.noindex/os-6IN5SE3L5DUY0R7P2TNCM6NZS.pcm

SwiftExplicitDependencyGeneratePcm arm64 /Users/runner/work/Undirect/Undirect/build/ModuleCache.noindex/CoreGraphics-7GQEJ989V7ULUY0QKZKF7VFJ7.pcm

SwiftExplicitDependencyGeneratePcm arm64 /Users/runner/work/Undirect/Undirect/build/ModuleCache.noindex/Security-8EKI3EXMDIY5AL95B8CY57P9W.pcm

SwiftExplicitDependencyGeneratePcm arm64 /Users/runner/work/Undirect/Undirect/build/ModuleCache.noindex/CFNetwork-EU15SWTWM3BED5F8Q7UAYZERQ.pcm

SwiftExplicitDependencyGeneratePcm arm64 /Users/runner/work/Undirect/Undirect/build/ModuleCache.noindex/Foundation-38WSFR5JH6VAWPM5JNW76G76J.pcm

SwiftExplicitDependencyGeneratePcm arm64 /Users/runner/work/Undirect/Undirect/build/ModuleCache.noindex/CoreText-CI4ZL4Q6WRXCICB1YFXTO6P6W.pcm

SwiftExplicitDependencyGeneratePcm arm64 /Users/runner/work/Undirect/Undirect/build/ModuleCache.noindex/ImageIO-43YZXYP40WXAWWWRAMLZQ1HCQ.pcm

SwiftExplicitDependencyGeneratePcm arm64 /Users/runner/work/Undirect/Undirect/build/ModuleCache.noindex/Accessibility-CSIE6JZAT5N3215TEKJTCKPUQ.pcm

SwiftExplicitDependencyGeneratePcm arm64 /Users/runner/work/Undirect/Undirect/build/ModuleCache.noindex/UIUtilities-1OZYPOJXZE82QQTLBHL61LVKO.pcm

SwiftExplicitDependencyGeneratePcm arm64 /Users/runner/work/Undirect/Undirect/build/ModuleCache.noindex/DataDetection-8RE83KQVS5ZK787L5SDVJ4N56.pcm

SwiftExplicitDependencyGeneratePcm arm64 /Users/runner/work/Undirect/Undirect/build/ModuleCache.noindex/CoreTransferable-CDBMJXIENWRVYL252VIDTBDXY.pcm

SwiftExplicitDependencyGeneratePcm arm64 /Users/runner/work/Undirect/Undirect/build/ModuleCache.noindex/FileProvider-961YBFVO4F7GXKJEAI0FIXUZY.pcm

SwiftExplicitDependencyGeneratePcm arm64 /Users/runner/work/Undirect/Undirect/build/ModuleCache.noindex/OSLog-46G3CMCWBKDPU73LLWP5VOIE0.pcm

SwiftExplicitDependencyGeneratePcm arm64 /Users/runner/work/Undirect/Undirect/build/ModuleCache.noindex/Symbols-5MRQ2BPPBUTQLCSB7HY5L6RHW.pcm

SwiftExplicitDependencyGeneratePcm arm64 /Users/runner/work/Undirect/Undirect/build/ModuleCache.noindex/UniformTypeIdentifiers-326AUXZ7S4MSB20SD16QDJH5K.pcm

SwiftExplicitDependencyGeneratePcm arm64 /Users/runner/work/Undirect/Undirect/build/ModuleCache.noindex/IOSurface-CDZNW6JQXSK1NLJJF530DA010.pcm

SwiftExplicitDependencyGeneratePcm arm64 /Users/runner/work/Undirect/Undirect/build/ModuleCache.noindex/UserNotifications-BWSE2I53FH3ZU1338DVZ7957.pcm

SwiftExplicitDependencyGeneratePcm arm64 /Users/runner/work/Undirect/Undirect/build/ModuleCache.noindex/Metal-FM0MMRPS6X28IJ8N04WOJI8V.pcm

SwiftExplicitDependencyGeneratePcm arm64 /Users/runner/work/Undirect/Undirect/build/ModuleCache.noindex/OpenGLES-B3TY23KFJO8UMB9UJ2SNQPNEC.pcm

SwiftExplicitDependencyGeneratePcm arm64 /Users/runner/work/Undirect/Undirect/build/ModuleCache.noindex/CoreVideo-EIAXCA3Q6E3R2LIXOFPCHWH5Q.pcm

SwiftExplicitDependencyGeneratePcm arm64 /Users/runner/work/Undirect/Undirect/build/ModuleCache.noindex/CoreImage-AFAOR3VJAJ9X9IX05SNMN8TAK.pcm

SwiftExplicitDependencyGeneratePcm arm64 /Users/runner/work/Undirect/Undirect/build/ModuleCache.noindex/QuartzCore-7XRCFB15X2LVCD6W7GRU6UQO8.pcm

SwiftExplicitDependencyGeneratePcm arm64 /Users/runner/work/Undirect/Undirect/build/ModuleCache.noindex/SwiftUICore-7HESVO31PZY9LVU47F46T741I.pcm

SwiftExplicitDependencyGeneratePcm arm64 /Users/runner/work/Undirect/Undirect/build/ModuleCache.noindex/UIKit-6Q26WS33WVAERCVL04UCPJ9S6.pcm

SwiftCompile normal arm64 Compiling\ ShareViewController.swift /Users/runner/work/Undirect/Undirect/ShareExtension/ShareViewController.swift /Applications/Xcode_26.2.app/Contents/Developer/Toolchains/XcodeDefault.xctoolchain/usr/lib/swift/iphoneos/prebuilt-modules/26.2/XPC.swiftmodule/arm64e-apple-ios.swiftmodule /Applications/Xcode_26.2.app/Contents/Developer/Toolchains/XcodeDefault.xctoolchain/usr/lib/swift/iphoneos/prebuilt-modules/26.2/CoreText.swiftmodule/arm64e-apple-ios.swiftmodule /Applications/Xcode_26.2.app/Contents/Developer/Toolchains/XcodeDefault.xctoolchain/usr/lib/swift/iphoneos/prebuilt-modules/26.2/OSLog.swiftmodule/arm64e-apple-ios.swiftmodule /Applications/Xcode_26.2.app/Contents/Developer/Toolchains/XcodeDefault.xctoolchain/usr/lib/swift/iphoneos/prebuilt-modules/26.2/_DarwinFoundation1.swiftmodule/arm64e-apple-ios.swiftmodule /Applications/Xcode_26.2.app/Contents/Developer/Toolchains/XcodeDefault.xctoolchain/usr/lib/swift/iphoneos/prebuilt-modules/26.2/CoreVideo.swiftmodule/arm64e-apple-ios.swiftmodule /Applications/Xcode_26.2.app/Contents/Developer/Toolchains/XcodeDefault.xctoolchain/usr/lib/swift/iphoneos/prebuilt-modules/26.2/CoreTransferable.swiftmodule/arm64e-apple-ios.swiftmodule /Applications/Xcode_26.2.app/Contents/Developer/Toolchains/XcodeDefault.xctoolchain/usr/lib/swift/iphoneos/prebuilt-modules/26.2/Metal.swiftmodule/arm64e-apple-ios.swiftmodule /Applications/Xcode_26.2.app/Contents/Developer/Toolchains/XcodeDefault.xctoolchain/usr/lib/swift/iphoneos/prebuilt-modules/26.2/Darwin.swiftmodule/arm64e-apple-ios.swiftmodule /Applications/Xcode_26.2.app/Contents/Developer/Toolchains/XcodeDefault.xctoolchain/usr/lib/swift/iphoneos/prebuilt-modules/26.2/System.swiftmodule/arm64e-apple-ios.swiftmodule /Applications/Xcode_26.2.app/Contents/Developer/Toolchains/XcodeDefault.xctoolchain/usr/lib/swift/iphoneos/prebuilt-modules/26.2/_DarwinFoundation3.swiftmodule/arm64e-apple-ios.swiftmodule /Applications/Xcode_26.2.app/Contents/Developer/Toolchains/XcodeDefault.xctoolchain/usr/lib/swift/iphoneos/prebuilt-modules/26.2/UniformTypeIdentifiers.swiftmodule/arm64e-apple-ios.swiftmodule /Applications/Xcode_26.2.app/Contents/Developer/Toolchains/XcodeDefault.xctoolchain/usr/lib/swift/iphoneos/prebuilt-modules/26.2/CoreFoundation.swiftmodule/arm64e-apple-ios.swiftmodule /Applications/Xcode_26.2.app/Contents/Developer/Toolchains/XcodeDefault.xctoolchain/usr/lib/swift/iphoneos/prebuilt-modules/26.2/Accessibility.swiftmodule/arm64e-apple-ios.swiftmodule /Applications/Xcode_26.2.app/Contents/Developer/Toolchains/XcodeDefault.xctoolchain/usr/lib/swift/iphoneos/prebuilt-modules/26.2/_Concurrency.swiftmodule/arm64e-apple-ios.swiftmodule /Applications/Xcode_26.2.app/Contents/Developer/Toolchains/XcodeDefault.xctoolchain/usr/lib/swift/iphoneos/prebuilt-modules/26.2/os.swiftmodule/arm64e-apple-ios.swiftmodule /Applications/Xcode_26.2.app/Contents/Developer/Toolchains/XcodeDefault.xctoolchain/usr/lib/swift/iphoneos/prebuilt-modules/26.2/CoreImage.swiftmodule/arm64e-apple-ios.swiftmodule /Applications/Xcode_26.2.app/Contents/Developer/Toolchains/XcodeDefault.xctoolchain/usr/lib/swift/iphoneos/prebuilt-modules/26.2/_Builtin_float.swiftmodule/arm64e-apple-ios.swiftmodule /Applications/Xcode_26.2.app/Contents/Developer/Toolchains/XcodeDefault.xctoolchain/usr/lib/swift/iphoneos/prebuilt-modules/26.2/Symbols.swiftmodule/arm64e-apple-ios.swiftmodule /Applications/Xcode_26.2.app/Contents/Developer/Toolchains/XcodeDefault.xctoolchain/usr/lib/swift/iphoneos/prebuilt-modules/26.2/DataDetection.swiftmodule/arm64e-apple-ios.swiftmodule /Applications/Xcode_26.2.app/Contents/Developer/Toolchains/XcodeDefault.xctoolchain/usr/lib/swift/iphoneos/prebuilt-modules/26.2/QuartzCore.swiftmodule/arm64e-apple-ios.swiftmodule /Applications/Xcode_26.2.app/Contents/Developer/Toolchains/XcodeDefault.xctoolchain/usr/lib/swift/iphoneos/prebuilt-modules/26.2/Observation.swiftmodule/arm64e-apple-ios.swiftmodule /Applications/Xcode_26.2.app/Contents/Developer/Toolchains/XcodeDefault.xctoolchain/usr/lib/swift/iphoneos/prebuilt-modules/26.2/Combine.swiftmodule/arm64e-apple-ios.swiftmodule /Applications/Xcode_26.2.app/Contents/Developer/Toolchains/XcodeDefault.xctoolchain/usr/lib/swift/iphoneos/prebuilt-modules/26.2/UIKit.swiftmodule/arm64e-apple-ios.swiftmodule /Applications/Xcode_26.2.app/Contents/Developer/Toolchains/XcodeDefault.xctoolchain/usr/lib/swift/iphoneos/prebuilt-modules/26.2/_StringProcessing.swiftmodule/arm64e-apple-ios.swiftmodule /Applications/Xcode_26.2.app/Contents/Developer/Toolchains/XcodeDefault.xctoolchain/usr/lib/swift/iphoneos/prebuilt-modules/26.2/Swift.swiftmodule/arm64e-apple-ios.swiftmodule /Applications/Xcode_26.2.app/Contents/Developer/Toolchains/XcodeDefault.xctoolchain/usr/lib/swift/iphoneos/prebuilt-modules/26.2/Foundation.swiftmodule/arm64e-apple-ios.swiftmodule /Applications/Xcode_26.2.app/Contents/Developer/Toolchains/XcodeDefault.xctoolchain/usr/lib/swift/iphoneos/prebuilt-modules/26.2/CoreGraphics.swiftmodule/arm64e-apple-ios.swiftmodule /Applications/Xcode_26.2.app/Contents/Developer/Toolchains/XcodeDefault.xctoolchain/usr/lib/swift/iphoneos/prebuilt-modules/26.2/Dispatch.swiftmodule/arm64e-apple-ios.swiftmodule /Applications/Xcode_26.2.app/Contents/Developer/Toolchains/XcodeDefault.xctoolchain/usr/lib/swift/iphoneos/prebuilt-modules/26.2/ObjectiveC.swiftmodule/arm64e-apple-ios.swiftmodule /Applications/Xcode_26.2.app/Contents/Developer/Toolchains/XcodeDefault.xctoolchain/usr/lib/swift/iphoneos/prebuilt-modules/26.2/_DarwinFoundation2.swiftmodule/arm64e-apple-ios.swiftmodule /Applications/Xcode_26.2.app/Contents/Developer/Toolchains/XcodeDefault.xctoolchain/usr/lib/swift/iphoneos/prebuilt-modules/26.2/FileProvider.swiftmodule/arm64e-apple-ios.swiftmodule /Applications/Xcode_26.2.app/Contents/Developer/Toolchains/XcodeDefault.xctoolchain/usr/lib/swift/iphoneos/prebuilt-modules/26.2/DeveloperToolsSupport.swiftmodule/arm64e-apple-ios.swiftmodule /Applications/Xcode_26.2.app/Contents/Developer/Toolchains/XcodeDefault.xctoolchain/usr/lib/swift/iphoneos/prebuilt-modules/26.2/SwiftUICore.swiftmodule/arm64e-apple-ios.swiftmodule /Users/runner/work/Undirect/Undirect/build/ModuleCache.noindex/CoreVideo-EIAXCA3Q6E3R2LIXOFPCHWH5Q.pcm /Users/runner/work/Undirect/Undirect/build/ModuleCache.noindex/_Builtin_inttypes-DODWWWBW51OGGQ7T0R7G8F452.pcm /Users/runner/work/Undirect/Undirect/build/ModuleCache.noindex/_DarwinFoundation2-3VXKHWEQQDD9A2SUPS4E86ZDK.pcm /Users/runner/work/Undirect/Undirect/build/ModuleCache.noindex/UIKit-6Q26WS33WVAERCVL04UCPJ9S6.pcm /Users/runner/work/Undirect/Undirect/build/ModuleCache.noindex/_Builtin_float-EDK1JVFEP2G6WGQ5LX1IHC9YH.pcm /Users/runner/work/Undirect/Undirect/build/ModuleCache.noindex/Security-8EKI3EXMDIY5AL95B8CY57P9W.pcm /Users/runner/work/Undirect/Undirect/build/ModuleCache.noindex/FileProvider-961YBFVO4F7GXKJEAI0FIXUZY.pcm /Users/runner/work/Undirect/Undirect/build/ModuleCache.noindex/DeveloperToolsSupport-T3TLGSM801G2IOIO26IO6GTI.pcm /Users/runner/work/Undirect/Undirect/build/ModuleCache.noindex/CoreText-CI4ZL4Q6WRXCICB1YFXTO6P6W.pcm /Users/runner/work/Undirect/Undirect/build/ModuleCache.noindex/Accessibility-CSIE6JZAT5N3215TEKJTCKPUQ.pcm /Users/runner/work/Undirect/Undirect/build/ModuleCache.noindex/OSLog-46G3CMCWBKDPU73LLWP5VOIE0.pcm /Users/runner/work/Undirect/Undirect/build/ModuleCache.noindex/os_workgroup-8GCT1VD8EJG5N1149CMBX1JSN.pcm /Users/runner/work/Undirect/Undirect/build/ModuleCache.noindex/Dispatch-2E617YCJKU7X031MAKGT4MEMO.pcm /Users/runner/work/Undirect/Undirect/build/ModuleCache.noindex/CoreTransferable-CDBMJXIENWRVYL252VIDTBDXY.pcm /Users/runner/work/Undirect/Undirect/build/ModuleCache.noindex/_Builtin_stdatomic-8O2OFXR7WTWC17THYDQZSIAYS.pcm /Users/runner/work/Undirect/Undirect/build/ModuleCache.noindex/UserNotifications-BWSE2I53FH3ZU1338DVZ7957.pcm /Users/runner/work/Undirect/Undirect/build/ModuleCache.noindex/sys_types-80DKQ9ZUBFVK5PCYQ06VWKUN5.pcm /Users/runner/work/Undirect/Undirect/build/ModuleCache.noindex/ptrauth-9R9R9TPPRHSG574MTOZKUM6KZ.pcm /Users/runner/work/Undirect/Undirect/build/ModuleCache.noindex/os_object-15L0YUEXIWWWLVCY3VUFW7EH1.pcm /Users/runner/work/Undirect/Undirect/build/ModuleCache.noindex/OpenGLES-B3TY23KFJO8UMB9UJ2SNQPNEC.pcm /Users/runner/work/Undirect/Undirect/build/ModuleCache.noindex/_DarwinFoundation3-5CIO1X7JC8TNITNUNDKTWV521.pcm /Users/runner/work/Undirect/Undirect/build/ModuleCache.noindex/_DarwinFoundation1-EYQR32AGBUM0AW3G5T4F5CWYB.pcm /Users/runner/work/Undirect/Undirect/build/ModuleCache.noindex/CoreImage-AFAOR3VJAJ9X9IX05SNMN8TAK.pcm /Users/runner/work/Undirect/Undirect/build/ModuleCache.noindex/UniformTypeIdentifiers-326AUXZ7S4MSB20SD16QDJH5K.pcm /Users/runner/work/Undirect/Undirect/build/ModuleCache.noindex/CoreGraphics-7GQEJ989V7ULUY0QKZKF7VFJ7.pcm /Users/runner/work/Undirect/Undirect/build/ModuleCache.noindex/Darwin-ACUEGX7YKHOQLHWHT2K4CQVCW.pcm /Users/runner/work/Undirect/Undirect/build/ModuleCache.noindex/SwiftUICore-7HESVO31PZY9LVU47F46T741I.pcm /Users/runner/work/Undirect/Undirect/build/ModuleCache.noindex/UIUtilities-1OZYPOJXZE82QQTLBHL61LVKO.pcm /Users/runner/work/Undirect/Undirect/build/ModuleCache.noindex/_Builtin_stdarg-2159Y9DD6AZHLJBDBUG9XVBVF.pcm /Users/runner/work/Undirect/Undirect/build/ModuleCache.noindex/CoreFoundation-6DYOYUFPAIR08ZGR4RQI9H93R.pcm /Users/runner/work/Undirect/Undirect/build/ModuleCache.noindex/ptrcheck-8HITK47SR600S8PYPT4HJM5ZD.pcm /Users/runner/work/Undirect/Undirect/build/ModuleCache.noindex/Metal-FM0MMRPS6X28IJ8N04WOJI8V.pcm /Users/runner/work/Undirect/Undirect/build/ModuleCache.noindex/_Builtin_limits-A3J8HQJW5VIOBYDF82B8QXUFJ.pcm /Users/runner/work/Undirect/Undirect/build/ModuleCache.noindex/_Builtin_stdint-29AHK48Q9HDK5SC60EVVYI9C8.pcm /Users/runner/work/Undirect/Undirect/build/ModuleCache.noindex/DataDetection-8RE83KQVS5ZK787L5SDVJ4N56.pcm /Users/runner/work/Undirect/Undirect/build/ModuleCache.noindex/QuartzCore-7XRCFB15X2LVCD6W7GRU6UQO8.pcm /Users/runner/work/Undirect/Undirect/build/ModuleCache.noindex/XPC-4S9XXAG2HL2WZZFWIJ5DUBGT6.pcm /Users/runner/work/Undirect/Undirect/build/ModuleCache.noindex/_SwiftConcurrencyShims-4N2T67WFCR0167W6IW6ZSTYDS.pcm /Users/runner/work/Undirect/Undirect/build/ModuleCache.noindex/ObjectiveC-AOYOQFSP5F7ZO4XJ7PPEHL9L1.pcm /Users/runner/work/Undirect/Undirect/build/ModuleCache.noindex/_Builtin_stdbool-S7ZQIMTVPBC4PLTVNDTA6UZE.pcm /Users/runner/work/Undirect/Undirect/build/ModuleCache.noindex/CFNetwork-EU15SWTWM3BED5F8Q7UAYZERQ.pcm /Users/runner/work/Undirect/Undirect/build/ModuleCache.noindex/_Builtin_stddef-50F9BAO7OW2MUZ45NH66DH0UM.pcm /Users/runner/work/Undirect/Undirect/build/ModuleCache.noindex/_AvailabilityInternal-8DJZ24E90RMIM3RNEB71B20AJ.pcm /Users/runner/work/Undirect/Undirect/build/ModuleCache.noindex/MachO-CO5T5E8TMFOY38UO9ZMDUXUS0.pcm /Users/runner/work/Undirect/Undirect/build/ModuleCache.noindex/SwiftShims-DI5PXN3BH9DBSEJ6T0N5VWYQ6.pcm /Users/runner/work/Undirect/Undirect/build/ModuleCache.noindex/os-6IN5SE3L5DUY0R7P2TNCM6NZS.pcm /Users/runner/work/Undirect/Undirect/build/ModuleCache.noindex/Symbols-5MRQ2BPPBUTQLCSB7HY5L6RHW.pcm /Users/runner/work/Undirect/Undirect/build/ModuleCache.noindex/IOSurface-CDZNW6JQXSK1NLJJF530DA010.pcm /Users/runner/work/Undirect/Undirect/build/ModuleCache.noindex/Foundation-38WSFR5JH6VAWPM5JNW76G76J.pcm /Users/runner/work/Undirect/Undirect/build/ModuleCache.noindex/ImageIO-43YZXYP40WXAWWWRAMLZQ1HCQ.pcm /Users/runner/work/Undirect/Undirect/build/Build/Intermediates.noindex/Undirect.build/Release-iphoneos/UndirectShare.build/Objects-normal/arm64/UndirectShare-dependencies-1.json (in target 'UndirectShare' from project 'Undirect')

SwiftCompile normal arm64 /Users/runner/work/Undirect/Undirect/ShareExtension/ShareViewController.swift (in target 'UndirectShare' from project 'Undirect')
    cd /Users/runner/work/Undirect/Undirect
    

SwiftDriverJobDiscovery normal arm64 Compiling ShareViewController.swift (in target 'UndirectShare' from project 'Undirect')

SwiftDriver\ Compilation\ Requirements UndirectShare normal arm64 com.apple.xcode.tools.swift.compiler (in target 'UndirectShare' from project 'Undirect')
    cd /Users/runner/work/Undirect/Undirect
    builtin-Swift-Compilation-Requirements -- /Applications/Xcode_26.2.app/Contents/Developer/Toolchains/XcodeDefault.xctoolchain/usr/bin/swiftc -module-name UndirectShare -O -whole-module-optimization -enforce-exclusivity\=checked @/Users/runner/work/Undirect/Undirect/build/Build/Intermediates.noindex/Undirect.build/Release-iphoneos/UndirectShare.build/Objects-normal/arm64/UndirectShare.SwiftFileList -enable-bare-slash-regex -enable-experimental-feature DebugDescriptionMacro -sdk /Applications/Xcode_26.2.app/Contents/Developer/Platforms/iPhoneOS.platform/Developer/SDKs/iPhoneOS26.2.sdk -target arm64-apple-ios17.0 -g -module-cache-path /Users/runner/work/Undirect/Undirect/build/ModuleCache.noindex -Xfrontend -serialize-debugging-options -application-extension -swift-version 5 -I /Users/runner/work/Undirect/Undirect/build/Build/Products/Release-iphoneos -F /Users/runner/work/Undirect/Undirect/build/Build/Products/Release-iphoneos -parse-as-library -c -num-threads 3 -Xcc -ivfsstatcache -Xcc /Users/runner/work/Undirect/Undirect/build/SDKStatCaches.noindex/iphoneos26.2-23C53-dc75598d0054f22ec865fa860f139d72e6485aba7f6c350f1fcf1acb823f48eb.sdkstatcache -output-file-map /Users/runner/work/Undirect/Undirect/build/Build/Intermediates.noindex/Undirect.build/Release-iphoneos/UndirectShare.build/Objects-normal/arm64/UndirectShare-OutputFileMap.json -use-frontend-parseable-output -save-temps -no-color-diagnostics -explicit-module-build -module-cache-path /Users/runner/work/Undirect/Undirect/build/Build/Intermediates.noindex/SwiftExplicitPrecompiledModules -clang-scanner-module-cache-path /Users/runner/work/Undirect/Undirect/build/ModuleCache.noindex -sdk-module-cache-path /Users/runner/work/Undirect/Undirect/build/ModuleCache.noindex -serialize-diagnostics -emit-dependencies -emit-module -emit-module-path /Users/runner/work/Undirect/Undirect/build/Build/Intermediates.noindex/Undirect.build/Release-iphoneos/UndirectShare.build/Objects-normal/arm64/UndirectShare.swiftmodule -validate-clang-modules-once -clang-build-session-file /Users/runner/work/Undirect/Undirect/build/ModuleCache.noindex/Session.modulevalidation -Xcc -I/Users/runner/work/Undirect/Undirect/build/Build/Intermediates.noindex/Undirect.build/Release-iphoneos/UndirectShare.build/swift-overrides.hmap -emit-const-values -Xfrontend -const-gather-protocols-file -Xfrontend /Users/runner/work/Undirect/Undirect/build/Build/Intermediates.noindex/Undirect.build/Release-iphoneos/UndirectShare.build/Objects-normal/arm64/UndirectShare_const_extract_protocols.json -Xcc -iquote -Xcc /Users/runner/work/Undirect/Undirect/build/Build/Intermediates.noindex/Undirect.build/Release-iphoneos/UndirectShare.build/UndirectShare-generated-files.hmap -Xcc -I/Users/runner/work/Undirect/Undirect/build/Build/Intermediates.noindex/Undirect.build/Release-iphoneos/UndirectShare.build/UndirectShare-own-target-headers.hmap -Xcc -I/Users/runner/work/Undirect/Undirect/build/Build/Intermediates.noindex/Undirect.build/Release-iphoneos/UndirectShare.build/UndirectShare-all-target-headers.hmap -Xcc -iquote -Xcc /Users/runner/work/Undirect/Undirect/build/Build/Intermediates.noindex/Undirect.build/Release-iphoneos/UndirectShare.build/UndirectShare-project-headers.hmap -Xcc -I/Users/runner/work/Undirect/Undirect/build/Build/Products/Release-iphoneos/include -Xcc -I/Users/runner/work/Undirect/Undirect/build/Build/Intermediates.noindex/Undirect.build/Release-iphoneos/UndirectShare.build/DerivedSources-normal/arm64 -Xcc -I/Users/runner/work/Undirect/Undirect/build/Build/Intermediates.noindex/Undirect.build/Release-iphoneos/UndirectShare.build/DerivedSources/arm64 -Xcc -I/Users/runner/work/Undirect/Undirect/build/Build/Intermediates.noindex/Undirect.build/Release-iphoneos/UndirectShare.build/DerivedSources -emit-objc-header -emit-objc-header-path /Users/runner/work/Undirect/Undirect/build/Build/Intermediates.noindex/Undirect.build/Release-iphoneos/UndirectShare.build/Objects-normal/arm64/UndirectShare-Swift.h -working-directory /Users/runner/work/Undirect/Undirect -no-emit-module-separately-wmo

SwiftMergeGeneratedHeaders /Users/runner/work/Undirect/Undirect/build/Build/Intermediates.noindex/Undirect.build/Release-iphoneos/UndirectShare.build/DerivedSources/UndirectShare-Swift.h /Users/runner/work/Undirect/Undirect/build/Build/Intermediates.noindex/Undirect.build/Release-iphoneos/UndirectShare.build/Objects-normal/arm64/UndirectShare-Swift.h (in target 'UndirectShare' from project 'Undirect')
    cd /Users/runner/work/Undirect/Undirect
    builtin-swiftHeaderTool -arch arm64 /Users/runner/work/Undirect/Undirect/build/Build/Intermediates.noindex/Undirect.build/Release-iphoneos/UndirectShare.build/Objects-normal/arm64/UndirectShare-Swift.h -o /Users/runner/work/Undirect/Undirect/build/Build/Intermediates.noindex/Undirect.build/Release-iphoneos/UndirectShare.build/DerivedSources/UndirectShare-Swift.h

Copy /Users/runner/work/Undirect/Undirect/build/Build/Products/Release-iphoneos/UndirectShare.swiftmodule/arm64-apple-ios.swiftdoc /Users/runner/work/Undirect/Undirect/build/Build/Intermediates.noindex/Undirect.build/Release-iphoneos/UndirectShare.build/Objects-normal/arm64/UndirectShare.swiftdoc (in target 'UndirectShare' from project 'Undirect')
    cd /Users/runner/work/Undirect/Undirect
    builtin-copy -exclude .DS_Store -exclude CVS -exclude .svn -exclude .git -exclude .hg -resolve-src-symlinks -rename /Users/runner/work/Undirect/Undirect/build/Build/Intermediates.noindex/Undirect.build/Release-iphoneos/UndirectShare.build/Objects-normal/arm64/UndirectShare.swiftdoc /Users/runner/work/Undirect/Undirect/build/Build/Products/Release-iphoneos/UndirectShare.swiftmodule/arm64-apple-ios.swiftdoc

Copy /Users/runner/work/Undirect/Undirect/build/Build/Products/Release-iphoneos/UndirectShare.swiftmodule/arm64-apple-ios.swiftmodule /Users/runner/work/Undirect/Undirect/build/Build/Intermediates.noindex/Undirect.build/Release-iphoneos/UndirectShare.build/Objects-normal/arm64/UndirectShare.swiftmodule (in target 'UndirectShare' from project 'Undirect')
    cd /Users/runner/work/Undirect/Undirect
    builtin-copy -exclude .DS_Store -exclude CVS -exclude .svn -exclude .git -exclude .hg -resolve-src-symlinks -rename /Users/runner/work/Undirect/Undirect/build/Build/Intermediates.noindex/Undirect.build/Release-iphoneos/UndirectShare.build/Objects-normal/arm64/UndirectShare.swiftmodule /Users/runner/work/Undirect/Undirect/build/Build/Products/Release-iphoneos/UndirectShare.swiftmodule/arm64-apple-ios.swiftmodule

Copy /Users/runner/work/Undirect/Undirect/build/Build/Products/Release-iphoneos/UndirectShare.swiftmodule/arm64-apple-ios.abi.json /Users/runner/work/Undirect/Undirect/build/Build/Intermediates.noindex/Undirect.build/Release-iphoneos/UndirectShare.build/Objects-normal/arm64/UndirectShare.abi.json (in target 'UndirectShare' from project 'Undirect')
    cd /Users/runner/work/Undirect/Undirect
    builtin-copy -exclude .DS_Store -exclude CVS -exclude .svn -exclude .git -exclude .hg -resolve-src-symlinks -rename /Users/runner/work/Undirect/Undirect/build/Build/Intermediates.noindex/Undirect.build/Release-iphoneos/UndirectShare.build/Objects-normal/arm64/UndirectShare.abi.json /Users/runner/work/Undirect/Undirect/build/Build/Products/Release-iphoneos/UndirectShare.swiftmodule/arm64-apple-ios.abi.json

Copy /Users/runner/work/Undirect/Undirect/build/Build/Products/Release-iphoneos/UndirectShare.swiftmodule/Project/arm64-apple-ios.swiftsourceinfo /Users/runner/work/Undirect/Undirect/build/Build/Intermediates.noindex/Undirect.build/Release-iphoneos/UndirectShare.build/Objects-normal/arm64/UndirectShare.swiftsourceinfo (in target 'UndirectShare' from project 'Undirect')
    cd /Users/runner/work/Undirect/Undirect
    builtin-copy -exclude .DS_Store -exclude CVS -exclude .svn -exclude .git -exclude .hg -resolve-src-symlinks -rename /Users/runner/work/Undirect/Undirect/build/Build/Intermediates.noindex/Undirect.build/Release-iphoneos/UndirectShare.build/Objects-normal/arm64/UndirectShare.swiftsourceinfo /Users/runner/work/Undirect/Undirect/build/Build/Products/Release-iphoneos/UndirectShare.swiftmodule/Project/arm64-apple-ios.swiftsourceinfo

Ld /Users/runner/work/Undirect/Undirect/build/Build/Products/Release-iphoneos/UndirectShare.appex/UndirectShare normal (in target 'UndirectShare' from project 'Undirect')
    cd /Users/runner/work/Undirect/Undirect
    /Applications/Xcode_26.2.app/Contents/Developer/Toolchains/XcodeDefault.xctoolchain/usr/bin/clang -Xlinker -reproducible -target arm64-apple-ios17.0 -isysroot /Applications/Xcode_26.2.app/Contents/Developer/Platforms/iPhoneOS.platform/Developer/SDKs/iPhoneOS26.2.sdk -Os -L/Users/runner/work/Undirect/Undirect/build/Build/Intermediates.noindex/EagerLinkingTBDs/Release-iphoneos -L/Users/runner/work/Undirect/Undirect/build/Build/Products/Release-iphoneos -F/Users/runner/work/Undirect/Undirect/build/Build/Intermediates.noindex/EagerLinkingTBDs/Release-iphoneos -F/Users/runner/work/Undirect/Undirect/build/Build/Products/Release-iphoneos -filelist /Users/runner/work/Undirect/Undirect/build/Build/Intermediates.noindex/Undirect.build/Release-iphoneos/UndirectShare.build/Objects-normal/arm64/UndirectShare.LinkFileList -Xlinker -rpath -Xlinker /usr/lib/swift -Xlinker -rpath -Xlinker @executable_path/Frameworks -Xlinker -rpath -Xlinker @executable_path/../../Frameworks -dead_strip -Xlinker -object_path_lto -Xlinker /Users/runner/work/Undirect/Undirect/build/Build/Intermediates.noindex/Undirect.build/Release-iphoneos/UndirectShare.build/Objects-normal/arm64/UndirectShare_lto.o -Xlinker -dependency_info -Xlinker /Users/runner/work/Undirect/Undirect/build/Build/Intermediates.noindex/Undirect.build/Release-iphoneos/UndirectShare.build/Objects-normal/arm64/UndirectShare_dependency_info.dat -e _NSExtensionMain -fapplication-extension -fobjc-link-runtime -L/Applications/Xcode_26.2.app/Contents/Developer/Toolchains/XcodeDefault.xctoolchain/usr/lib/swift/iphoneos -L/usr/lib/swift -Xlinker -add_ast_path -Xlinker /Users/runner/work/Undirect/Undirect/build/Build/Intermediates.noindex/Undirect.build/Release-iphoneos/UndirectShare.build/Objects-normal/arm64/UndirectShare.swiftmodule @/Users/runner/work/Undirect/Undirect/build/Build/Intermediates.noindex/Undirect.build/Release-iphoneos/UndirectShare.build/Objects-normal/arm64/UndirectShare-linker-args.resp -o /Users/runner/work/Undirect/Undirect/build/Build/Products/Release-iphoneos/UndirectShare.appex/UndirectShare

MkDir /Users/runner/work/Undirect/Undirect/build/Build/Intermediates.noindex/Undirect.build/Release-iphoneos/Undirect.build/assetcatalog_output/thinned (in target 'Undirect' from project 'Undirect')
    cd /Users/runner/work/Undirect/Undirect
    /bin/mkdir -p /Users/runner/work/Undirect/Undirect/build/Build/Intermediates.noindex/Undirect.build/Release-iphoneos/Undirect.build/assetcatalog_output/thinned

MkDir /Users/runner/work/Undirect/Undirect/build/Build/Intermediates.noindex/Undirect.build/Release-iphoneos/Undirect.build/assetcatalog_output/unthinned (in target 'Undirect' from project 'Undirect')
    cd /Users/runner/work/Undirect/Undirect
    /bin/mkdir -p /Users/runner/work/Undirect/Undirect/build/Build/Intermediates.noindex/Undirect.build/Release-iphoneos/Undirect.build/assetcatalog_output/unthinned

GenerateAssetSymbols /Users/runner/work/Undirect/Undirect/Sources/Assets.xcassets (in target 'Undirect' from project 'Undirect')
    cd /Users/runner/work/Undirect/Undirect
    /Applications/Xcode_26.2.app/Contents/Developer/usr/bin/actool /Users/runner/work/Undirect/Undirect/Sources/Assets.xcassets --compile /Users/runner/work/Undirect/Undirect/build/Build/Products/Release-iphoneos/Undirect.app --output-format human-readable-text --notices --warnings --export-dependency-info /Users/runner/work/Undirect/Undirect/build/Build/Intermediates.noindex/Undirect.build/Release-iphoneos/Undirect.build/assetcatalog_dependencies --output-partial-info-plist /Users/runner/work/Undirect/Undirect/build/Build/Intermediates.noindex/Undirect.build/Release-iphoneos/Undirect.build/assetcatalog_generated_info.plist --app-icon AppIcon --compress-pngs --enable-on-demand-resources YES --development-region en --target-device iphone --target-device ipad --minimum-deployment-target 17.0 --platform iphoneos --bundle-identifier com.stalloevan.undirect --generate-swift-asset-symbol-extensions NO --generate-swift-asset-symbols /Users/runner/work/Undirect/Undirect/build/Build/Intermediates.noindex/Undirect.build/Release-iphoneos/Undirect.build/DerivedSources/GeneratedAssetSymbols.swift --generate-objc-asset-symbols /Users/runner/work/Undirect/Undirect/build/Build/Intermediates.noindex/Undirect.build/Release-iphoneos/Undirect.build/DerivedSources/GeneratedAssetSymbols.h --generate-asset-symbol-index /Users/runner/work/Undirect/Undirect/build/Build/Intermediates.noindex/Undirect.build/Release-iphoneos/Undirect.build/DerivedSources/GeneratedAssetSymbols-Index.plist
/* com.apple.actool.compilation-results */
/Users/runner/work/Undirect/Undirect/build/Build/Intermediates.noindex/Undirect.build/Release-iphoneos/Undirect.build/DerivedSources/GeneratedAssetSymbols-Index.plist
/Users/runner/work/Undirect/Undirect/build/Build/Intermediates.noindex/Undirect.build/Release-iphoneos/Undirect.build/DerivedSources/GeneratedAssetSymbols.h
/Users/runner/work/Undirect/Undirect/build/Build/Intermediates.noindex/Undirect.build/Release-iphoneos/Undirect.build/DerivedSources/GeneratedAssetSymbols.swift


CompileAssetCatalogVariant thinned /Users/runner/work/Undirect/Undirect/build/Build/Products/Release-iphoneos/Undirect.app /Users/runner/work/Undirect/Undirect/Sources/Assets.xcassets (in target 'Undirect' from project 'Undirect')
    cd /Users/runner/work/Undirect/Undirect
    /Applications/Xcode_26.2.app/Contents/Developer/usr/bin/actool /Users/runner/work/Undirect/Undirect/Sources/Assets.xcassets --compile /Users/runner/work/Undirect/Undirect/build/Build/Intermediates.noindex/Undirect.build/Release-iphoneos/Undirect.build/assetcatalog_output/thinned --output-format human-readable-text --notices --warnings --export-dependency-info /Users/runner/work/Undirect/Undirect/build/Build/Intermediates.noindex/Undirect.build/Release-iphoneos/Undirect.build/assetcatalog_dependencies_thinned --output-partial-info-plist /Users/runner/work/Undirect/Undirect/build/Build/Intermediates.noindex/Undirect.build/Release-iphoneos/Undirect.build/assetcatalog_generated_info.plist_thinned --app-icon AppIcon --compress-pngs --enable-on-demand-resources YES --development-region en --target-device iphone --target-device ipad --minimum-deployment-target 17.0 --platform iphoneos
/* com.apple.actool.document.warnings */
/Users/runner/work/Undirect/Undirect/Sources/Assets.xcassets:./AppIcon.appiconset: warning: A 76x76@2x app icon is required for iPad apps targeting iOS 7.0 and later
/Users/runner/work/Undirect/Undirect/Sources/Assets.xcassets:./AppIcon.appiconset: warning: A 83.5x83.5@2x app icon is required for iPad apps targeting iOS 9.0 and later
/* com.apple.actool.compilation-results */
/Users/runner/work/Undirect/Undirect/build/Build/Intermediates.noindex/Undirect.build/Release-iphoneos/Undirect.build/assetcatalog_generated_info.plist_thinned
/Users/runner/work/Undirect/Undirect/build/Build/Intermediates.noindex/Undirect.build/Release-iphoneos/Undirect.build/assetcatalog_output/thinned/AppIcon60x60@2x.png
/Users/runner/work/Undirect/Undirect/build/Build/Intermediates.noindex/Undirect.build/Release-iphoneos/Undirect.build/assetcatalog_output/thinned/Assets.car


GenerateDSYMFile /Users/runner/work/Undirect/Undirect/build/Build/Products/Release-iphoneos/UndirectShare.appex.dSYM /Users/runner/work/Undirect/Undirect/build/Build/Products/Release-iphoneos/UndirectShare.appex/UndirectShare (in target 'UndirectShare' from project 'Undirect')
    cd /Users/runner/work/Undirect/Undirect
    /Applications/Xcode_26.2.app/Contents/Developer/Toolchains/XcodeDefault.xctoolchain/usr/bin/dsymutil /Users/runner/work/Undirect/Undirect/build/Build/Products/Release-iphoneos/UndirectShare.appex/UndirectShare -o /Users/runner/work/Undirect/Undirect/build/Build/Products/Release-iphoneos/UndirectShare.appex.dSYM

ExtractAppIntentsMetadata (in target 'UndirectShare' from project 'Undirect')
    cd /Users/runner/work/Undirect/Undirect
    /Applications/Xcode_26.2.app/Contents/Developer/Toolchains/XcodeDefault.xctoolchain/usr/bin/appintentsmetadataprocessor --toolchain-dir /var/run/com.apple.security.cryptexd/mnt/com.apple.MobileAsset.MetalToolchain-v17.3.7003.10.nd6MkF/Metal.xctoolchain --module-name UndirectShare --sdk-root /Applications/Xcode_26.2.app/Contents/Developer/Platforms/iPhoneOS.platform/Developer/SDKs/iPhoneOS26.2.sdk --xcode-version 17C52 --platform-family iOS --deployment-target 17.0 --bundle-identifier com.stalloevan.undirect.share --output /Users/runner/work/Undirect/Undirect/build/Build/Products/Release-iphoneos/UndirectShare.appex --target-triple arm64-apple-ios17.0 --binary-file /Users/runner/work/Undirect/Undirect/build/Build/Products/Release-iphoneos/UndirectShare.appex/UndirectShare --dependency-file /Users/runner/work/Undirect/Undirect/build/Build/Intermediates.noindex/Undirect.build/Release-iphoneos/UndirectShare.build/Objects-normal/arm64/UndirectShare_dependency_info.dat --stringsdata-file /Users/runner/work/Undirect/Undirect/build/Build/Intermediates.noindex/Undirect.build/Release-iphoneos/UndirectShare.build/Objects-normal/arm64/ExtractedAppShortcutsMetadata.stringsdata --source-file-list /Users/runner/work/Undirect/Undirect/build/Build/Intermediates.noindex/Undirect.build/Release-iphoneos/UndirectShare.build/Objects-normal/arm64/UndirectShare.SwiftFileList --metadata-file-list /Users/runner/work/Undirect/Undirect/build/Build/Intermediates.noindex/Undirect.build/Release-iphoneos/UndirectShare.build/UndirectShare.DependencyMetadataFileList --static-metadata-file-list /Users/runner/work/Undirect/Undirect/build/Build/Intermediates.noindex/Undirect.build/Release-iphoneos/UndirectShare.build/UndirectShare.DependencyStaticMetadataFileList --swift-const-vals-list /Users/runner/work/Undirect/Undirect/build/Build/Intermediates.noindex/Undirect.build/Release-iphoneos/UndirectShare.build/Objects-normal/arm64/UndirectShare.SwiftConstValuesFileList --compile-time-extraction --deployment-aware-processing --validate-assistant-intents --no-app-shortcuts-localization
2026-09-26 18:38:32.390 appintentsmetadataprocessor[3914:14781] Starting appintentsmetadataprocessor export
2026-09-26 18:38:32.393 appintentsmetadataprocessor[3914:14781] warning: Metadata extraction skipped. No AppIntents.framework dependency found.

AppIntentsSSUTraining (in target 'UndirectShare' from project 'Undirect')
    cd /Users/runner/work/Undirect/Undirect
    /Applications/Xcode_26.2.app/Contents/Developer/Toolchains/XcodeDefault.xctoolchain/usr/bin/appintentsnltrainingprocessor --infoplist-path /Users/runner/work/Undirect/Undirect/build/Build/Products/Release-iphoneos/UndirectShare.appex/Info.plist --temp-dir-path /Users/runner/work/Undirect/Undirect/build/Build/Intermediates.noindex/Undirect.build/Release-iphoneos/UndirectShare.build/ssu --bundle-id com.stalloevan.undirect.share --product-path /Users/runner/work/Undirect/Undirect/build/Build/Products/Release-iphoneos/UndirectShare.appex --extracted-metadata-path /Users/runner/work/Undirect/Undirect/build/Build/Products/Release-iphoneos/UndirectShare.appex/Metadata.appintents --metadata-file-list /Users/runner/work/Undirect/Undirect/build/Build/Intermediates.noindex/Undirect.build/Release-iphoneos/UndirectShare.build/UndirectShare.DependencyMetadataFileList --archive-ssu-assets
2026-09-26 18:38:32.424 appintentsnltrainingprocessor[3915:14783] Parsing options for appintentsnltrainingprocessor
2026-09-26 18:38:32.426 appintentsnltrainingprocessor[3915:14783] No AppShortcuts found - Skipping.

RegisterExecutionPolicyException /Users/runner/work/Undirect/Undirect/build/Build/Products/Release-iphoneos/UndirectShare.appex (in target 'UndirectShare' from project 'Undirect')
    cd /Users/runner/work/Undirect/Undirect
    builtin-RegisterExecutionPolicyException /Users/runner/work/Undirect/Undirect/build/Build/Products/Release-iphoneos/UndirectShare.appex

Touch /Users/runner/work/Undirect/Undirect/build/Build/Products/Release-iphoneos/UndirectShare.appex (in target 'UndirectShare' from project 'Undirect')
    cd /Users/runner/work/Undirect/Undirect
    /usr/bin/touch -c /Users/runner/work/Undirect/Undirect/build/Build/Products/Release-iphoneos/UndirectShare.appex

CpResource /Users/runner/work/Undirect/Undirect/build/Build/Products/Release-iphoneos/Undirect.app/reputation-scam.txt /Users/runner/work/Undirect/Undirect/Sources/Resources/reputation-scam.txt (in target 'Undirect' from project 'Undirect')
    cd /Users/runner/work/Undirect/Undirect
    builtin-copy -exclude .DS_Store -exclude CVS -exclude .svn -exclude .git -exclude .hg -resolve-src-symlinks /Users/runner/work/Undirect/Undirect/Sources/Resources/reputation-scam.txt /Users/runner/work/Undirect/Undirect/build/Build/Products/Release-iphoneos/Undirect.app

CpResource /Users/runner/work/Undirect/Undirect/build/Build/Products/Release-iphoneos/Undirect.app/reputation-porn.txt /Users/runner/work/Undirect/Undirect/Sources/Resources/reputation-porn.txt (in target 'Undirect' from project 'Undirect')
    cd /Users/runner/work/Undirect/Undirect
    builtin-copy -exclude .DS_Store -exclude CVS -exclude .svn -exclude .git -exclude .hg -resolve-src-symlinks /Users/runner/work/Undirect/Undirect/Sources/Resources/reputation-porn.txt /Users/runner/work/Undirect/Undirect/build/Build/Products/Release-iphoneos/Undirect.app

CpResource /Users/runner/work/Undirect/Undirect/build/Build/Products/Release-iphoneos/Undirect.app/reputation-phishing.txt /Users/runner/work/Undirect/Undirect/Sources/Resources/reputation-phishing.txt (in target 'Undirect' from project 'Undirect')
    cd /Users/runner/work/Undirect/Undirect
    builtin-copy -exclude .DS_Store -exclude CVS -exclude .svn -exclude .git -exclude .hg -resolve-src-symlinks /Users/runner/work/Undirect/Undirect/Sources/Resources/reputation-phishing.txt /Users/runner/work/Undirect/Undirect/build/Build/Products/Release-iphoneos/Undirect.app

CpResource /Users/runner/work/Undirect/Undirect/build/Build/Products/Release-iphoneos/Undirect.app/reputation-malware.txt /Users/runner/work/Undirect/Undirect/Sources/Resources/reputation-malware.txt (in target 'Undirect' from project 'Undirect')
    cd /Users/runner/work/Undirect/Undirect
    builtin-copy -exclude .DS_Store -exclude CVS -exclude .svn -exclude .git -exclude .hg -resolve-src-symlinks /Users/runner/work/Undirect/Undirect/Sources/Resources/reputation-malware.txt /Users/runner/work/Undirect/Undirect/build/Build/Products/Release-iphoneos/Undirect.app

CpResource /Users/runner/work/Undirect/Undirect/build/Build/Products/Release-iphoneos/Undirect.app/reputation-gambling.txt /Users/runner/work/Undirect/Undirect/Sources/Resources/reputation-gambling.txt (in target 'Undirect' from project 'Undirect')
    cd /Users/runner/work/Undirect/Undirect
    builtin-copy -exclude .DS_Store -exclude CVS -exclude .svn -exclude .git -exclude .hg -resolve-src-symlinks /Users/runner/work/Undirect/Undirect/Sources/Resources/reputation-gambling.txt /Users/runner/work/Undirect/Undirect/build/Build/Products/Release-iphoneos/Undirect.app

CpResource /Users/runner/work/Undirect/Undirect/build/Build/Products/Release-iphoneos/Undirect.app/reputation-fraud.txt /Users/runner/work/Undirect/Undirect/Sources/Resources/reputation-fraud.txt (in target 'Undirect' from project 'Undirect')
    cd /Users/runner/work/Undirect/Undirect
    builtin-copy -exclude .DS_Store -exclude CVS -exclude .svn -exclude .git -exclude .hg -resolve-src-symlinks /Users/runner/work/Undirect/Undirect/Sources/Resources/reputation-fraud.txt /Users/runner/work/Undirect/Undirect/build/Build/Products/Release-iphoneos/Undirect.app

CpResource /Users/runner/work/Undirect/Undirect/build/Build/Products/Release-iphoneos/Undirect.app/blocklist-strict.txt /Users/runner/work/Undirect/Undirect/Sources/Resources/blocklist-strict.txt (in target 'Undirect' from project 'Undirect')
    cd /Users/runner/work/Undirect/Undirect
    builtin-copy -exclude .DS_Store -exclude CVS -exclude .svn -exclude .git -exclude .hg -resolve-src-symlinks /Users/runner/work/Undirect/Undirect/Sources/Resources/blocklist-strict.txt /Users/runner/work/Undirect/Undirect/build/Build/Products/Release-iphoneos/Undirect.app

CpResource /Users/runner/work/Undirect/Undirect/build/Build/Products/Release-iphoneos/Undirect.app/blocklist-light.txt /Users/runner/work/Undirect/Undirect/Sources/Resources/blocklist-light.txt (in target 'Undirect' from project 'Undirect')
    cd /Users/runner/work/Undirect/Undirect
    builtin-copy -exclude .DS_Store -exclude CVS -exclude .svn -exclude .git -exclude .hg -resolve-src-symlinks /Users/runner/work/Undirect/Undirect/Sources/Resources/blocklist-light.txt /Users/runner/work/Undirect/Undirect/build/Build/Products/Release-iphoneos/Undirect.app

SwiftDriver Undirect normal arm64 com.apple.xcode.tools.swift.compiler (in target 'Undirect' from project 'Undirect')
    cd /Users/runner/work/Undirect/Undirect
    builtin-SwiftDriver -- /Applications/Xcode_26.2.app/Contents/Developer/Toolchains/XcodeDefault.xctoolchain/usr/bin/swiftc -module-name Undirect -O -whole-module-optimization -enforce-exclusivity\=checked @/Users/runner/work/Undirect/Undirect/build/Build/Intermediates.noindex/Undirect.build/Release-iphoneos/Undirect.build/Objects-normal/arm64/Undirect.SwiftFileList -enable-bare-slash-regex -enable-experimental-feature DebugDescriptionMacro -sdk /Applications/Xcode_26.2.app/Contents/Developer/Platforms/iPhoneOS.platform/Developer/SDKs/iPhoneOS26.2.sdk -target arm64-apple-ios17.0 -g -module-cache-path /Users/runner/work/Undirect/Undirect/build/ModuleCache.noindex -Xfrontend -serialize-debugging-options -swift-version 5 -I /Users/runner/work/Undirect/Undirect/build/Build/Products/Release-iphoneos -F /Users/runner/work/Undirect/Undirect/build/Build/Products/Release-iphoneos -F Frameworks -c -num-threads 3 -Xcc -ivfsstatcache -Xcc /Users/runner/work/Undirect/Undirect/build/SDKStatCaches.noindex/iphoneos26.2-23C53-dc75598d0054f22ec865fa860f139d72e6485aba7f6c350f1fcf1acb823f48eb.sdkstatcache -output-file-map /Users/runner/work/Undirect/Undirect/build/Build/Intermediates.noindex/Undirect.build/Release-iphoneos/Undirect.build/Objects-normal/arm64/Undirect-OutputFileMap.json -use-frontend-parseable-output -save-temps -no-color-diagnostics -explicit-module-build -module-cache-path /Users/runner/work/Undirect/Undirect/build/Build/Intermediates.noindex/SwiftExplicitPrecompiledModules -clang-scanner-module-cache-path /Users/runner/work/Undirect/Undirect/build/ModuleCache.noindex -sdk-module-cache-path /Users/runner/work/Undirect/Undirect/build/ModuleCache.noindex -serialize-diagnostics -emit-dependencies -emit-module -emit-module-path /Users/runner/work/Undirect/Undirect/build/Build/Intermediates.noindex/Undirect.build/Release-iphoneos/Undirect.build/Objects-normal/arm64/Undirect.swiftmodule -validate-clang-modules-once -clang-build-session-file /Users/runner/work/Undirect/Undirect/build/ModuleCache.noindex/Session.modulevalidation -Xcc -I/Users/runner/work/Undirect/Undirect/build/Build/Intermediates.noindex/Undirect.build/Release-iphoneos/Undirect.build/swift-overrides.hmap -emit-const-values -Xfrontend -const-gather-protocols-file -Xfrontend /Users/runner/work/Undirect/Undirect/build/Build/Intermediates.noindex/Undirect.build/Release-iphoneos/Undirect.build/Objects-normal/arm64/Undirect_const_extract_protocols.json -Xcc -iquote -Xcc /Users/runner/work/Undirect/Undirect/build/Build/Intermediates.noindex/Undirect.build/Release-iphoneos/Undirect.build/Undirect-generated-files.hmap -Xcc -I/Users/runner/work/Undirect/Undirect/build/Build/Intermediates.noindex/Undirect.build/Release-iphoneos/Undirect.build/Undirect-own-target-headers.hmap -Xcc -I/Users/runner/work/Undirect/Undirect/build/Build/Intermediates.noindex/Undirect.build/Release-iphoneos/Undirect.build/Undirect-all-target-headers.hmap -Xcc -iquote -Xcc /Users/runner/work/Undirect/Undirect/build/Build/Intermediates.noindex/Undirect.build/Release-iphoneos/Undirect.build/Undirect-project-headers.hmap -Xcc -I/Users/runner/work/Undirect/Undirect/build/Build/Products/Release-iphoneos/include -Xcc -I/Users/runner/work/Undirect/Undirect/build/Build/Intermediates.noindex/Undirect.build/Release-iphoneos/Undirect.build/DerivedSources-normal/arm64 -Xcc -I/Users/runner/work/Undirect/Undirect/build/Build/Intermediates.noindex/Undirect.build/Release-iphoneos/Undirect.build/DerivedSources/arm64 -Xcc -I/Users/runner/work/Undirect/Undirect/build/Build/Intermediates.noindex/Undirect.build/Release-iphoneos/Undirect.build/DerivedSources -emit-objc-header -emit-objc-header-path /Users/runner/work/Undirect/Undirect/build/Build/Intermediates.noindex/Undirect.build/Release-iphoneos/Undirect.build/Objects-normal/arm64/Undirect-Swift.h -import-objc-header /Users/runner/work/Undirect/Undirect/Sources/Undirect-Bridging-Header.h -working-directory /Users/runner/work/Undirect/Undirect -no-emit-module-separately-wmo

SwiftDriver\ Compilation Undirect normal arm64 com.apple.xcode.tools.swift.compiler (in target 'Undirect' from project 'Undirect')
    cd /Users/runner/work/Undirect/Undirect
    builtin-Swift-Compilation -- /Applications/Xcode_26.2.app/Contents/Developer/Toolchains/XcodeDefault.xctoolchain/usr/bin/swiftc -module-name Undirect -O -whole-module-optimization -enforce-exclusivity\=checked @/Users/runner/work/Undirect/Undirect/build/Build/Intermediates.noindex/Undirect.build/Release-iphoneos/Undirect.build/Objects-normal/arm64/Undirect.SwiftFileList -enable-bare-slash-regex -enable-experimental-feature DebugDescriptionMacro -sdk /Applications/Xcode_26.2.app/Contents/Developer/Platforms/iPhoneOS.platform/Developer/SDKs/iPhoneOS26.2.sdk -target arm64-apple-ios17.0 -g -module-cache-path /Users/runner/work/Undirect/Undirect/build/ModuleCache.noindex -Xfrontend -serialize-debugging-options -swift-version 5 -I /Users/runner/work/Undirect/Undirect/build/Build/Products/Release-iphoneos -F /Users/runner/work/Undirect/Undirect/build/Build/Products/Release-iphoneos -F Frameworks -c -num-threads 3 -Xcc -ivfsstatcache -Xcc /Users/runner/work/Undirect/Undirect/build/SDKStatCaches.noindex/iphoneos26.2-23C53-dc75598d0054f22ec865fa860f139d72e6485aba7f6c350f1fcf1acb823f48eb.sdkstatcache -output-file-map /Users/runner/work/Undirect/Undirect/build/Build/Intermediates.noindex/Undirect.build/Release-iphoneos/Undirect.build/Objects-normal/arm64/Undirect-OutputFileMap.json -use-frontend-parseable-output -save-temps -no-color-diagnostics -explicit-module-build -module-cache-path /Users/runner/work/Undirect/Undirect/build/Build/Intermediates.noindex/SwiftExplicitPrecompiledModules -clang-scanner-module-cache-path /Users/runner/work/Undirect/Undirect/build/ModuleCache.noindex -sdk-module-cache-path /Users/runner/work/Undirect/Undirect/build/ModuleCache.noindex -serialize-diagnostics -emit-dependencies -emit-module -emit-module-path /Users/runner/work/Undirect/Undirect/build/Build/Intermediates.noindex/Undirect.build/Release-iphoneos/Undirect.build/Objects-normal/arm64/Undirect.swiftmodule -validate-clang-modules-once -clang-build-session-file /Users/runner/work/Undirect/Undirect/build/ModuleCache.noindex/Session.modulevalidation -Xcc -I/Users/runner/work/Undirect/Undirect/build/Build/Intermediates.noindex/Undirect.build/Release-iphoneos/Undirect.build/swift-overrides.hmap -emit-const-values -Xfrontend -const-gather-protocols-file -Xfrontend /Users/runner/work/Undirect/Undirect/build/Build/Intermediates.noindex/Undirect.build/Release-iphoneos/Undirect.build/Objects-normal/arm64/Undirect_const_extract_protocols.json -Xcc -iquote -Xcc /Users/runner/work/Undirect/Undirect/build/Build/Intermediates.noindex/Undirect.build/Release-iphoneos/Undirect.build/Undirect-generated-files.hmap -Xcc -I/Users/runner/work/Undirect/Undirect/build/Build/Intermediates.noindex/Undirect.build/Release-iphoneos/Undirect.build/Undirect-own-target-headers.hmap -Xcc -I/Users/runner/work/Undirect/Undirect/build/Build/Intermediates.noindex/Undirect.build/Release-iphoneos/Undirect.build/Undirect-all-target-headers.hmap -Xcc -iquote -Xcc /Users/runner/work/Undirect/Undirect/build/Build/Intermediates.noindex/Undirect.build/Release-iphoneos/Undirect.build/Undirect-project-headers.hmap -Xcc -I/Users/runner/work/Undirect/Undirect/build/Build/Products/Release-iphoneos/include -Xcc -I/Users/runner/work/Undirect/Undirect/build/Build/Intermediates.noindex/Undirect.build/Release-iphoneos/Undirect.build/DerivedSources-normal/arm64 -Xcc -I/Users/runner/work/Undirect/Undirect/build/Build/Intermediates.noindex/Undirect.build/Release-iphoneos/Undirect.build/DerivedSources/arm64 -Xcc -I/Users/runner/work/Undirect/Undirect/build/Build/Intermediates.noindex/Undirect.build/Release-iphoneos/Undirect.build/DerivedSources -emit-objc-header -emit-objc-header-path /Users/runner/work/Undirect/Undirect/build/Build/Intermediates.noindex/Undirect.build/Release-iphoneos/Undirect.build/Objects-normal/arm64/Undirect-Swift.h -import-objc-header /Users/runner/work/Undirect/Undirect/Sources/Undirect-Bridging-Header.h -working-directory /Users/runner/work/Undirect/Undirect -no-emit-module-separately-wmo

SwiftExplicitDependencyGeneratePcm arm64 /Users/runner/work/Undirect/Undirect/build/ModuleCache.noindex/ptrauth-9MUYOGDPOEOX56JNQBV82PLT7.pcm

SwiftExplicitDependencyGeneratePcm arm64 /Users/runner/work/Undirect/Undirect/build/ModuleCache.noindex/_SwiftConcurrencyShims-9RHBL7J1YW08HBGD706TJBK4O.pcm

SwiftExplicitDependencyGeneratePcm arm64 /Users/runner/work/Undirect/Undirect/build/ModuleCache.noindex/SwiftShims-9C28CTG1UXS1BHTWIP0EEEU29.pcm

SwiftExplicitDependencyGeneratePcm arm64 /Users/runner/work/Undirect/Undirect/build/ModuleCache.noindex/ptrcheck-7OQBBA359X556UZA9825E42ZN.pcm

SwiftExplicitDependencyGeneratePcm arm64 /Users/runner/work/Undirect/Undirect/build/ModuleCache.noindex/_Builtin_stdarg-8S74FSIKG7JCRXIT1D4V0ENCW.pcm

SwiftExplicitDependencyGeneratePcm arm64 /Users/runner/work/Undirect/Undirect/build/ModuleCache.noindex/DeveloperToolsSupport-CXJ9S7C9DX21LF3QGRLK31691.pcm

SwiftExplicitDependencyGeneratePcm arm64 /Users/runner/work/Undirect/Undirect/build/ModuleCache.noindex/_Builtin_stddef-4VBNAOKGLTU6A7G07PPS26FYG.pcm

SwiftExplicitDependencyGeneratePcm arm64 /Users/runner/work/Undirect/Undirect/build/ModuleCache.noindex/_Builtin_stdbool-9ZES2780OMSDMHTRNFEB2KRO7.pcm

SwiftExplicitDependencyGeneratePcm arm64 /Users/runner/work/Undirect/Undirect/build/ModuleCache.noindex/_Builtin_float-ASSTBNY48O3RODPMLV2SZNNKV.pcm

SwiftExplicitDependencyGeneratePcm arm64 /Users/runner/work/Undirect/Undirect/build/ModuleCache.noindex/_AvailabilityInternal-BRUQ1WCSYA9UWLVS0RJDKDTPQ.pcm

SwiftExplicitDependencyGeneratePcm arm64 /Users/runner/work/Undirect/Undirect/build/ModuleCache.noindex/_DarwinFoundation1-AWH1JKGS64LKZFTQNFC05UV0Z.pcm

SwiftExplicitDependencyGeneratePcm arm64 /Users/runner/work/Undirect/Undirect/build/ModuleCache.noindex/ExtensionFoundation-78Z04MNELLOHEEM5ZGNMYORX1.pcm

SwiftExplicitDependencyGeneratePcm arm64 /Users/runner/work/Undirect/Undirect/build/ModuleCache.noindex/_Builtin_limits-B1XMINGUHYH62XX5BJI96ENLH.pcm

SwiftExplicitDependencyGeneratePcm arm64 /Users/runner/work/Undirect/Undirect/build/ModuleCache.noindex/_DarwinFoundation2-DQW48N9CX4MNU1G0M89Z75VWL.pcm

SwiftExplicitDependencyGeneratePcm arm64 /Users/runner/work/Undirect/Undirect/build/ModuleCache.noindex/_Builtin_tgmath-CWYIFMFVA3SF7PYYRPRZLG5IX.pcm

SwiftExplicitDependencyGeneratePcm arm64 /Users/runner/work/Undirect/Undirect/build/ModuleCache.noindex/_Builtin_stdint-9RS11TBSBJFLL7JXBLU33ZUSO.pcm

SwiftExplicitDependencyGeneratePcm arm64 /Users/runner/work/Undirect/Undirect/build/ModuleCache.noindex/sys_types-1PO3MKCDXVDM70J91VSEG28UI.pcm

SwiftExplicitDependencyGeneratePcm arm64 /Users/runner/work/Undirect/Undirect/build/ModuleCache.noindex/_DarwinFoundation3-1JEVKURA9LMJKJF0XGMCU1FUG.pcm

SwiftExplicitDependencyGeneratePcm arm64 /Users/runner/work/Undirect/Undirect/build/ModuleCache.noindex/_Builtin_intrinsics-A9RTDWH2MO6XLJLQ50832D3DN.pcm

SwiftExplicitDependencyGeneratePcm arm64 /Users/runner/work/Undirect/Undirect/build/ModuleCache.noindex/_Builtin_stdatomic-BN3ZZ4FU4DBOM3RQ8M50I31CP.pcm

SwiftExplicitDependencyGeneratePcm arm64 /Users/runner/work/Undirect/Undirect/build/ModuleCache.noindex/_Builtin_inttypes-2FM9IYJYBR65UWWJVDS2SVYM2.pcm

SwiftExplicitDependencyGeneratePcm arm64 /Users/runner/work/Undirect/Undirect/build/ModuleCache.noindex/Darwin-5KX8TC1UQRI0WZM9J9MNF68F.pcm

SwiftExplicitDependencyGeneratePcm arm64 /Users/runner/work/Undirect/Undirect/build/ModuleCache.noindex/simd-7PU2RCL8CTE8DO8UGH23HYL0C.pcm

SwiftExplicitDependencyGeneratePcm arm64 /Users/runner/work/Undirect/Undirect/build/ModuleCache.noindex/MachO-6GUYSXLZSH1H46QL1R8USA9JN.pcm

SwiftExplicitDependencyGeneratePcm arm64 /Users/runner/work/Undirect/Undirect/build/ModuleCache.noindex/ObjectiveC-DQNPJSTVRBZNN54Q54LEH18N6.pcm

SwiftExplicitDependencyGeneratePcm arm64 /Users/runner/work/Undirect/Undirect/build/ModuleCache.noindex/os_object-8G3IO5PVG48P9H2DTAH54FIUI.pcm

SwiftExplicitDependencyGeneratePcm arm64 /Users/runner/work/Undirect/Undirect/build/ModuleCache.noindex/os_workgroup-M31TNG4ZK6E0HT0GV0MON61Q.pcm

SwiftExplicitDependencyGeneratePcm arm64 /Users/runner/work/Undirect/Undirect/build/ModuleCache.noindex/Dispatch-1LFT1BH90AZ3X514X8HRH04WG.pcm

SwiftExplicitDependencyGeneratePcm arm64 /Users/runner/work/Undirect/Undirect/build/ModuleCache.noindex/Spatial-1YAG2MWCZWRD52W3JWIARGLAX.pcm

SwiftExplicitDependencyGeneratePcm arm64 /Users/runner/work/Undirect/Undirect/build/ModuleCache.noindex/dnssd-CNE9I2Y4J8OBZX43VMHMNOMTO.pcm

SwiftExplicitDependencyGeneratePcm arm64 /Users/runner/work/Undirect/Undirect/build/ModuleCache.noindex/CoreFoundation-BPJZSSVGS9AEYOQIUJH4SN49D.pcm

SwiftExplicitDependencyGeneratePcm arm64 /Users/runner/work/Undirect/Undirect/build/ModuleCache.noindex/XPC-6HUCAUURNC516Q6DAW5EGP16Z.pcm

SwiftExplicitDependencyGeneratePcm arm64 /Users/runner/work/Undirect/Undirect/build/ModuleCache.noindex/CFNetwork-5CWTYDV0VZQXU3FKJ6LD7DAQX.pcm

SwiftExplicitDependencyGeneratePcm arm64 /Users/runner/work/Undirect/Undirect/build/ModuleCache.noindex/CoreGraphics-XJPCZG87M67HFSS09LOBCF3J.pcm

SwiftExplicitDependencyGeneratePcm arm64 /Users/runner/work/Undirect/Undirect/build/ModuleCache.noindex/os-DWPNIQAL66DY0FQJQACOW0EHO.pcm

SwiftExplicitDependencyGeneratePcm arm64 /Users/runner/work/Undirect/Undirect/build/ModuleCache.noindex/Security-DSYVWA71KIN3DG3U63I7CN4TL.pcm

SwiftExplicitDependencyGeneratePcm arm64 /Users/runner/work/Undirect/Undirect/build/ModuleCache.noindex/CoreText-EU4FUWGBZFMMO8DY7NRM8SYB2.pcm

SwiftExplicitDependencyGeneratePcm arm64 /Users/runner/work/Undirect/Undirect/build/ModuleCache.noindex/ImageIO-CBGPMCDJ9YHUHWT84YRQS2QP1.pcm

SwiftExplicitDependencyGeneratePcm arm64 /Users/runner/work/Undirect/Undirect/build/ModuleCache.noindex/Foundation-78PEY6O32T6EE8ZBWVQ78GHGT.pcm

SwiftExplicitDependencyGeneratePcm arm64 /Users/runner/work/Undirect/Undirect/build/ModuleCache.noindex/_LocationEssentials-EEYR7PXQ59HZIJTJ2QFFRB59P.pcm

SwiftExplicitDependencyGeneratePcm arm64 /Users/runner/work/Undirect/Undirect/build/ModuleCache.noindex/IOSurface-9NHXBJ9WBFR0CEHYRI30BOBCI.pcm

SwiftExplicitDependencyGeneratePcm arm64 /Users/runner/work/Undirect/Undirect/build/ModuleCache.noindex/CoreTransferable-4FX757XP8ZGDHBU6TP5L5ELOO.pcm

SwiftExplicitDependencyGeneratePcm arm64 /Users/runner/work/Undirect/Undirect/build/ModuleCache.noindex/OSLog-23EAXSVE4494QBYHWKIFG8DJX.pcm

SwiftExplicitDependencyGeneratePcm arm64 /Users/runner/work/Undirect/Undirect/build/ModuleCache.noindex/RelevanceKit-882BZ2UGC4AHZLWTV5S2TW0FS.pcm

SwiftExplicitDependencyGeneratePcm arm64 /Users/runner/work/Undirect/Undirect/build/ModuleCache.noindex/CoreLocation-DGL496275GSVOOA4T9PDX7NRV.pcm

SwiftExplicitDependencyGeneratePcm arm64 /Users/runner/work/Undirect/Undirect/build/ModuleCache.noindex/AppIntents-5ICGKMGOL0OEMBMWEK9ZIXW74.pcm

SwiftExplicitDependencyGeneratePcm arm64 /Users/runner/work/Undirect/Undirect/build/ModuleCache.noindex/UniformTypeIdentifiers-9TSPAJ6RTZ8LIUEFPH96HHV9H.pcm

SwiftExplicitDependencyGeneratePcm arm64 /Users/runner/work/Undirect/Undirect/build/ModuleCache.noindex/Metal-4I8ZLTCQXN2J5JVL0UMFVWGRF.pcm

SwiftExplicitDependencyGeneratePcm arm64 /Users/runner/work/Undirect/Undirect/build/ModuleCache.noindex/Symbols-ABG4YEF29YNRPTWQ22XETZUSO.pcm

SwiftExplicitDependencyGeneratePcm arm64 /Users/runner/work/Undirect/Undirect/build/ModuleCache.noindex/CoreSpotlight-97HUHRC1Z4NB78UOS0ESPFZH1.pcm

SwiftExplicitDependencyGeneratePcm arm64 /Users/runner/work/Undirect/Undirect/build/ModuleCache.noindex/UIUtilities-9AZ4XCNSNP62VMEVC12NNXWYE.pcm

SwiftExplicitDependencyGeneratePcm arm64 /Users/runner/work/Undirect/Undirect/build/ModuleCache.noindex/FileProvider-7SFJGHGFJEMM0TNE96RGXEHAL.pcm

SwiftExplicitDependencyGeneratePcm arm64 /Users/runner/work/Undirect/Undirect/build/ModuleCache.noindex/CoreData-74EDU41CDK5UTPYM978WU8LMR.pcm

SwiftExplicitDependencyGeneratePcm arm64 /Users/runner/work/Undirect/Undirect/build/ModuleCache.noindex/Accessibility-5680RWSK9M00BSJK579O0IEU3.pcm

SwiftExplicitDependencyGeneratePcm arm64 /Users/runner/work/Undirect/Undirect/build/ModuleCache.noindex/Network-D1B4RVGA3FIA3CG6MHV92GBY3.pcm

SwiftExplicitDependencyGeneratePcm arm64 /Users/runner/work/Undirect/Undirect/build/ModuleCache.noindex/DataDetection-8S1OK6H78AQV7AP9FMMM4EGMO.pcm

SwiftExplicitDependencyGeneratePcm arm64 /Users/runner/work/Undirect/Undirect/build/ModuleCache.noindex/UserNotifications-6S042F92WACKXQZ5WJVY9P79R.pcm

SwiftExplicitDependencyGeneratePcm arm64 /Users/runner/work/Undirect/Undirect/build/ModuleCache.noindex/OpenGLES-DSEV9VOE7MPMGDN3H0K5D4ELW.pcm

SwiftExplicitDependencyGeneratePcm arm64 /Users/runner/work/Undirect/Undirect/build/ModuleCache.noindex/CoreVideo-C636V4VRPWE3KL19LYJ4X2GJX.pcm

SwiftExplicitDependencyGeneratePcm arm64 /Users/runner/work/Undirect/Undirect/build/ModuleCache.noindex/CoreImage-5OBFCNPC4VKK2VW0ENGQ9T23H.pcm

SwiftExplicitDependencyGeneratePcm arm64 /Users/runner/work/Undirect/Undirect/build/ModuleCache.noindex/QuartzCore-5SAMK45JZ5S2OE9LIBY113V06.pcm

SwiftExplicitDependencyGeneratePcm arm64 /Users/runner/work/Undirect/Undirect/build/ModuleCache.noindex/SwiftUICore-197UESI05G2JLD81NB25J7AFQ.pcm

SwiftExplicitDependencyGeneratePcm arm64 /Users/runner/work/Undirect/Undirect/build/ModuleCache.noindex/UIKit-E7BW1ZGI4644WXHPH50BOSZJ4.pcm

SwiftExplicitDependencyGeneratePcm arm64 /Users/runner/work/Undirect/Undirect/build/ModuleCache.noindex/WebKit-U3RT12VDE8DT0D5TFNLA156M.pcm

SwiftExplicitDependencyGeneratePcm arm64 /Users/runner/work/Undirect/Undirect/build/ModuleCache.noindex/SwiftUI-64JBTZF2PANDLNZFUG5B4WAOA.pcm

SwiftGeneratePch normal arm64 Compiling\ bridging\ header (in target 'Undirect' from project 'Undirect')

SwiftDriverJobDiscovery normal arm64 Compiling bridging header (in target 'Undirect' from project 'Undirect')

SwiftCompile normal arm64 Compiling\ AppDelegate.swift,\ AppLog.swift,\ BrowserContainerViewController.swift,\ ContentBlocker.swift,\ FavoritesStore.swift,\ FavoritesViewController.swift,\ ImmersiveMode.swift,\ LinkTrust.swift,\ NewTabPageViewController.swift,\ OnionIcon.swift,\ PWA.swift,\ PrivacyServices.swift,\ SceneDelegate.swift,\ SessionStore.swift,\ Settings.swift,\ SettingsViewController.swift,\ ShortcutsActions.swift,\ SiteReputationIndex.swift,\ StandalonePWAViewController.swift,\ Tab.swift,\ TabSidebarView.swift,\ TorManager.swift,\ URLCleaner.swift,\ WebEngine.swift,\ WhitelistStore.swift,\ WhitelistViewController.swift,\ GeneratedAssetSymbols.swift /Users/runner/work/Undirect/Undirect/Sources/AppDelegate.swift /Users/runner/work/Undirect/Undirect/Sources/AppLog.swift /Users/runner/work/Undirect/Undirect/Sources/BrowserContainerViewController.swift /Users/runner/work/Undirect/Undirect/Sources/ContentBlocker.swift /Users/runner/work/Undirect/Undirect/Sources/FavoritesStore.swift /Users/runner/work/Undirect/Undirect/Sources/FavoritesViewController.swift /Users/runner/work/Undirect/Undirect/Sources/ImmersiveMode.swift /Users/runner/work/Undirect/Undirect/Sources/LinkTrust.swift /Users/runner/work/Undirect/Undirect/Sources/NewTabPageViewController.swift /Users/runner/work/Undirect/Undirect/Sources/OnionIcon.swift /Users/runner/work/Undirect/Undirect/Sources/PWA.swift /Users/runner/work/Undirect/Undirect/Sources/PrivacyServices.swift /Users/runner/work/Undirect/Undirect/Sources/SceneDelegate.swift /Users/runner/work/Undirect/Undirect/Sources/SessionStore.swift /Users/runner/work/Undirect/Undirect/Sources/Settings.swift /Users/runner/work/Undirect/Undirect/Sources/SettingsViewController.swift /Users/runner/work/Undirect/Undirect/Sources/ShortcutsActions.swift /Users/runner/work/Undirect/Undirect/Sources/SiteReputationIndex.swift /Users/runner/work/Undirect/Undirect/Sources/StandalonePWAViewController.swift /Users/runner/work/Undirect/Undirect/Sources/Tab.swift /Users/runner/work/Undirect/Undirect/Sources/TabSidebarView.swift /Users/runner/work/Undirect/Undirect/Sources/TorManager.swift /Users/runner/work/Undirect/Undirect/Sources/URLCleaner.swift /Users/runner/work/Undirect/Undirect/Sources/WebEngine.swift /Users/runner/work/Undirect/Undirect/Sources/WhitelistStore.swift /Users/runner/work/Undirect/Undirect/Sources/WhitelistViewController.swift /Users/runner/work/Undirect/Undirect/build/Build/Intermediates.noindex/Undirect.build/Release-iphoneos/Undirect.build/DerivedSources/GeneratedAssetSymbols.swift /Applications/Xcode_26.2.app/Contents/Developer/Toolchains/XcodeDefault.xctoolchain/usr/lib/swift/iphoneos/prebuilt-modules/26.2/CoreFoundation.swiftmodule/arm64e-apple-ios.swiftmodule /Applications/Xcode_26.2.app/Contents/Developer/Toolchains/XcodeDefault.xctoolchain/usr/lib/swift/iphoneos/prebuilt-modules/26.2/RelevanceKit.swiftmodule/arm64e-apple-ios.swiftmodule /Applications/Xcode_26.2.app/Contents/Developer/Toolchains/XcodeDefault.xctoolchain/usr/lib/swift/iphoneos/prebuilt-modules/26.2/_DarwinFoundation1.swiftmodule/arm64e-apple-ios.swiftmodule /Applications/Xcode_26.2.app/Contents/Developer/Toolchains/XcodeDefault.xctoolchain/usr/lib/swift/iphoneos/prebuilt-modules/26.2/CoreTransferable.swiftmodule/arm64e-apple-ios.swiftmodule /Applications/Xcode_26.2.app/Contents/Developer/Toolchains/XcodeDefault.xctoolchain/usr/lib/swift/iphoneos/prebuilt-modules/26.2/QuartzCore.swiftmodule/arm64e-apple-ios.swiftmodule /Applications/Xcode_26.2.app/Contents/Developer/Toolchains/XcodeDefault.xctoolchain/usr/lib/swift/iphoneos/prebuilt-modules/26.2/Metal.swiftmodule/arm64e-apple-ios.swiftmodule /Applications/Xcode_26.2.app/Contents/Developer/Toolchains/XcodeDefault.xctoolchain/usr/lib/swift/iphoneos/prebuilt-modules/26.2/FileProvider.swiftmodule/arm64e-apple-ios.swiftmodule /Applications/Xcode_26.2.app/Contents/Developer/Toolchains/XcodeDefault.xctoolchain/usr/lib/swift/iphoneos/prebuilt-modules/26.2/UniformTypeIdentifiers.swiftmodule/arm64e-apple-ios.swiftmodule /Applications/Xcode_26.2.app/Contents/Developer/Toolchains/XcodeDefault.xctoolchain/usr/lib/swift/iphoneos/prebuilt-modules/26.2/Foundation.swiftmodule/arm64e-apple-ios.swiftmodule /Applications/Xcode_26.2.app/Contents/Developer/Toolchains/XcodeDefault.xctoolchain/usr/lib/swift/iphoneos/prebuilt-modules/26.2/_AppIntents_SwiftUI.swiftmodule/arm64e-apple-ios.swiftmodule /Applications/Xcode_26.2.app/Contents/Developer/Toolchains/XcodeDefault.xctoolchain/usr/lib/swift/iphoneos/prebuilt-modules/26.2/CoreData.swiftmodule/arm64e-apple-ios.swiftmodule /Applications/Xcode_26.2.app/Contents/Developer/Toolchains/XcodeDefault.xctoolchain/usr/lib/swift/iphoneos/prebuilt-modules/26.2/Darwin.swiftmodule/arm64e-apple-ios.swiftmodule /Applications/Xcode_26.2.app/Contents/Developer/Toolchains/XcodeDefault.xctoolchain/usr/lib/swift/iphoneos/prebuilt-modules/26.2/UIKit.swiftmodule/arm64e-apple-ios.swiftmodule /Applications/Xcode_26.2.app/Contents/Developer/Toolchains/XcodeDefault.xctoolchain/usr/lib/swift/iphoneos/prebuilt-modules/26.2/Combine.swiftmodule/arm64e-apple-ios.swiftmodule /Applications/Xcode_26.2.app/Contents/Developer/Toolchains/XcodeDefault.xctoolchain/usr/lib/swift/iphoneos/prebuilt-modules/26.2/Symbols.swiftmodule/arm64e-apple-ios.swiftmodule /Applications/Xcode_26.2.app/Contents/Developer/Toolchains/XcodeDefault.xctoolchain/usr/lib/swift/iphoneos/prebuilt-modules/26.2/ExtensionFoundation.swiftmodule/arm64e-apple-ios.swiftmodule /Applications/Xcode_26.2.app/Contents/Developer/Toolchains/XcodeDefault.xctoolchain/usr/lib/swift/iphoneos/prebuilt-modules/26.2/_AppIntents_UIKit.swiftmodule/arm64e-apple-ios.swiftmodule /Applications/Xcode_26.2.app/Contents/Developer/Toolchains/XcodeDefault.xctoolchain/usr/lib/swift/iphoneos/prebuilt-modules/26.2/_StringProcessing.swiftmodule/arm64e-apple-ios.swiftmodule /Applications/Xcode_26.2.app/Contents/Developer/Toolchains/XcodeDefault.xctoolchain/usr/lib/swift/iphoneos/prebuilt-modules/26.2/DeveloperToolsSupport.swiftmodule/arm64e-apple-ios.swiftmodule /Applications/Xcode_26.2.app/Contents/Developer/Toolchains/XcodeDefault.xctoolchain/usr/lib/swift/iphoneos/prebuilt-modules/26.2/CoreImage.swiftmodule/arm64e-apple-ios.swiftmodule /Applications/Xcode_26.2.app/Contents/Developer/Toolchains/XcodeDefault.xctoolchain/usr/lib/swift/iphoneos/prebuilt-modules/26.2/Dispatch.swiftmodule/arm64e-apple-ios.swiftmodule /Applications/Xcode_26.2.app/Contents/Developer/Toolchains/XcodeDefault.xctoolchain/usr/lib/swift/iphoneos/prebuilt-modules/26.2/CoreLocation.swiftmodule/arm64e-apple-ios.swiftmodule /Applications/Xcode_26.2.app/Contents/Developer/Toolchains/XcodeDefault.xctoolchain/usr/lib/swift/iphoneos/prebuilt-modules/26.2/Spatial.swiftmodule/arm64e-apple-ios.swiftmodule /Applications/Xcode_26.2.app/Contents/Developer/Toolchains/XcodeDefault.xctoolchain/usr/lib/swift/iphoneos/prebuilt-modules/26.2/System.swiftmodule/arm64e-apple-ios.swiftmodule /Applications/Xcode_26.2.app/Contents/Developer/Toolchains/XcodeDefault.xctoolchain/usr/lib/swift/iphoneos/prebuilt-modules/26.2/Distributed.swiftmodule/arm64e-apple-ios.swiftmodule /Applications/Xcode_26.2.app/Contents/Developer/Toolchains/XcodeDefault.xctoolchain/usr/lib/swift/iphoneos/prebuilt-modules/26.2/OSLog.swiftmodule/arm64e-apple-ios.swiftmodule /Applications/Xcode_26.2.app/Contents/Developer/Toolchains/XcodeDefault.xctoolchain/usr/lib/swift/iphoneos/prebuilt-modules/26.2/CoreSpotlight.swiftmodule/arm64e-apple-ios.swiftmodule /Applications/Xcode_26.2.app/Contents/Developer/Toolchains/XcodeDefault.xctoolchain/usr/lib/swift/iphoneos/prebuilt-modules/26.2/ObjectiveC.swiftmodule/arm64e-apple-ios.swiftmodule /Applications/Xcode_26.2.app/Contents/Developer/Toolchains/XcodeDefault.xctoolchain/usr/lib/swift/iphoneos/prebuilt-modules/26.2/_Builtin_float.swiftmodule/arm64e-apple-ios.swiftmodule /Applications/Xcode_26.2.app/Contents/Developer/Toolchains/XcodeDefault.xctoolchain/usr/lib/swift/iphoneos/prebuilt-modules/26.2/SwiftUICore.swiftmodule/arm64e-apple-ios.swiftmodule /Applications/Xcode_26.2.app/Contents/Developer/Toolchains/XcodeDefault.xctoolchain/usr/lib/swift/iphoneos/prebuilt-modules/26.2/XPC.swiftmodule/arm64e-apple-ios.swiftmodule /Applications/Xcode_26.2.app/Contents/Developer/Toolchains/XcodeDefault.xctoolchain/usr/lib/swift/iphoneos/prebuilt-modules/26.2/CoreGraphics.swiftmodule/arm64e-apple-ios.swiftmodule /Applications/Xcode_26.2.app/Contents/Developer/Toolchains/XcodeDefault.xctoolchain/usr/lib/swift/iphoneos/prebuilt-modules/26.2/AppIntents.swiftmodule/arm64e-apple-ios.swiftmodule /Applications/Xcode_26.2.app/Contents/Developer/Toolchains/XcodeDefault.xctoolchain/usr/lib/swift/iphoneos/prebuilt-modules/26.2/Observation.swiftmodule/arm64e-apple-ios.swiftmodule /Applications/Xcode_26.2.app/Contents/Developer/Toolchains/XcodeDefault.xctoolchain/usr/lib/swift/iphoneos/prebuilt-modules/26.2/SwiftUI.swiftmodule/arm64e-apple-ios.swiftmodule /Applications/Xcode_26.2.app/Contents/Developer/Toolchains/XcodeDefault.xctoolchain/usr/lib/swift/iphoneos/prebuilt-modules/26.2/Swift.swiftmodule/arm64e-apple-ios.swiftmodule /Applications/Xcode_26.2.app/Contents/Developer/Toolchains/XcodeDefault.xctoolchain/usr/lib/swift/iphoneos/prebuilt-modules/26.2/CoreVideo.swiftmodule/arm64e-apple-ios.swiftmodule /Applications/Xcode_26.2.app/Contents/Developer/Toolchains/XcodeDefault.xctoolchain/usr/lib/swift/iphoneos/prebuilt-modules/26.2/_Concurrency.swiftmodule/arm64e-apple-ios.swiftmodule /Applications/Xcode_26.2.app/Contents/Developer/Toolchains/XcodeDefault.xctoolchain/usr/lib/swift/iphoneos/prebuilt-modules/26.2/simd.swiftmodule/arm64e-apple-ios.swiftmodule /Applications/Xcode_26.2.app/Contents/Developer/Toolchains/XcodeDefault.xctoolchain/usr/lib/swift/iphoneos/prebuilt-modules/26.2/os.swiftmodule/arm64e-apple-ios.swiftmodule /Applications/Xcode_26.2.app/Contents/Developer/Toolchains/XcodeDefault.xctoolchain/usr/lib/swift/iphoneos/prebuilt-modules/26.2/CoreText.swiftmodule/arm64e-apple-ios.swiftmodule /Applications/Xcode_26.2.app/Contents/Developer/Toolchains/XcodeDefault.xctoolchain/usr/lib/swift/iphoneos/prebuilt-modules/26.2/Accessibility.swiftmodule/arm64e-apple-ios.swiftmodule /Applications/Xcode_26.2.app/Contents/Developer/Toolchains/XcodeDefault.xctoolchain/usr/lib/swift/iphoneos/prebuilt-modules/26.2/DataDetection.swiftmodule/arm64e-apple-ios.swiftmodule /Applications/Xcode_26.2.app/Contents/Developer/Toolchains/XcodeDefault.xctoolchain/usr/lib/swift/iphoneos/prebuilt-modules/26.2/_DarwinFoundation3.swiftmodule/arm64e-apple-ios.swiftmodule /Applications/Xcode_26.2.app/Contents/Developer/Toolchains/XcodeDefault.xctoolchain/usr/lib/swift/iphoneos/prebuilt-modules/26.2/_DarwinFoundation2.swiftmodule/arm64e-apple-ios.swiftmodule /Applications/Xcode_26.2.app/Contents/Developer/Toolchains/XcodeDefault.xctoolchain/usr/lib/swift/iphoneos/prebuilt-modules/26.2/WebKit.swiftmodule/arm64e-apple-ios.swiftmodule /Applications/Xcode_26.2.app/Contents/Developer/Toolchains/XcodeDefault.xctoolchain/usr/lib/swift/iphoneos/prebuilt-modules/26.2/Network.swiftmodule/arm64e-apple-ios.swiftmodule /Users/runner/work/Undirect/Undirect/build/ModuleCache.noindex/Dispatch-1LFT1BH90AZ3X514X8HRH04WG.pcm /Users/runner/work/Undirect/Undirect/build/ModuleCache.noindex/Spatial-1YAG2MWCZWRD52W3JWIARGLAX.pcm /Users/runner/work/Undirect/Undirect/build/ModuleCache.noindex/UIUtilities-9AZ4XCNSNP62VMEVC12NNXWYE.pcm /Users/runner/work/Undirect/Undirect/build/ModuleCache.noindex/os_workgroup-M31TNG4ZK6E0HT0GV0MON61Q.pcm /Users/runner/work/Undirect/Undirect/build/ModuleCache.noindex/Accessibility-5680RWSK9M00BSJK579O0IEU3.pcm /Users/runner/work/Undirect/Undirect/build/ModuleCache.noindex/XPC-6HUCAUURNC516Q6DAW5EGP16Z.pcm /Users/runner/work/Undirect/Undirect/build/ModuleCache.noindex/_DarwinFoundation3-1JEVKURA9LMJKJF0XGMCU1FUG.pcm /Users/runner/work/Undirect/Undirect/build/ModuleCache.noindex/OSLog-23EAXSVE4494QBYHWKIFG8DJX.pcm /Users/runner/work/Undirect/Undirect/build/ModuleCache.noindex/WebKit-U3RT12VDE8DT0D5TFNLA156M.pcm /Users/runner/work/Undirect/Undirect/build/ModuleCache.noindex/_Builtin_inttypes-2FM9IYJYBR65UWWJVDS2SVYM2.pcm /Users/runner/work/Undirect/Undirect/build/ModuleCache.noindex/SwiftShims-9C28CTG1UXS1BHTWIP0EEEU29.pcm /Users/runner/work/Undirect/Undirect/build/ModuleCache.noindex/DeveloperToolsSupport-CXJ9S7C9DX21LF3QGRLK31691.pcm /Users/runner/work/Undirect/Undirect/build/ModuleCache.noindex/_LocationEssentials-EEYR7PXQ59HZIJTJ2QFFRB59P.pcm /Users/runner/work/Undirect/Undirect/build/ModuleCache.noindex/UIKit-E7BW1ZGI4644WXHPH50BOSZJ4.pcm /Users/runner/work/Undirect/Undirect/build/ModuleCache.noindex/_Builtin_limits-B1XMINGUHYH62XX5BJI96ENLH.pcm /Users/runner/work/Undirect/Undirect/build/ModuleCache.noindex/CoreSpotlight-97HUHRC1Z4NB78UOS0ESPFZH1.pcm /Users/runner/work/Undirect/Undirect/build/ModuleCache.noindex/SwiftUICore-197UESI05G2JLD81NB25J7AFQ.pcm /Users/runner/work/Undirect/Undirect/build/ModuleCache.noindex/ImageIO-CBGPMCDJ9YHUHWT84YRQS2QP1.pcm /Users/runner/work/Undirect/Undirect/build/ModuleCache.noindex/MachO-6GUYSXLZSH1H46QL1R8USA9JN.pcm /Users/runner/work/Undirect/Undirect/build/ModuleCache.noindex/sys_types-1PO3MKCDXVDM70J91VSEG28UI.pcm /Users/runner/work/Undirect/Undirect/build/ModuleCache.noindex/CoreTransferable-4FX757XP8ZGDHBU6TP5L5ELOO.pcm /Users/runner/work/Undirect/Undirect/build/ModuleCache.noindex/SwiftUI-64JBTZF2PANDLNZFUG5B4WAOA.pcm /Users/runner/work/Undirect/Undirect/build/ModuleCache.noindex/FileProvider-7SFJGHGFJEMM0TNE96RGXEHAL.pcm /Users/runner/work/Undirect/Undirect/build/ModuleCache.noindex/RelevanceKit-882BZ2UGC4AHZLWTV5S2TW0FS.pcm /Users/runner/work/Undirect/Undirect/build/ModuleCache.noindex/os-DWPNIQAL66DY0FQJQACOW0EHO.pcm /Users/runner/work/Undirect/Undirect/build/ModuleCache.noindex/ObjectiveC-DQNPJSTVRBZNN54Q54LEH18N6.pcm /Users/runner/work/Undirect/Undirect/build/ModuleCache.noindex/ExtensionFoundation-78Z04MNELLOHEEM5ZGNMYORX1.pcm /Users/runner/work/Undirect/Undirect/build/ModuleCache.noindex/CFNetwork-5CWTYDV0VZQXU3FKJ6LD7DAQX.pcm /Users/runner/work/Undirect/Undirect/build/ModuleCache.noindex/DataDetection-8S1OK6H78AQV7AP9FMMM4EGMO.pcm /Users/runner/work/Undirect/Undirect/build/ModuleCache.noindex/Security-DSYVWA71KIN3DG3U63I7CN4TL.pcm /Users/runner/work/Undirect/Undirect/build/ModuleCache.noindex/ptrauth-9MUYOGDPOEOX56JNQBV82PLT7.pcm /Users/runner/work/Undirect/Undirect/build/ModuleCache.noindex/CoreText-EU4FUWGBZFMMO8DY7NRM8SYB2.pcm /Users/runner/work/Undirect/Undirect/build/ModuleCache.noindex/_Builtin_tgmath-CWYIFMFVA3SF7PYYRPRZLG5IX.pcm /Users/runner/work/Undirect/Undirect/build/ModuleCache.noindex/Foundation-78PEY6O32T6EE8ZBWVQ78GHGT.pcm /Users/runner/work/Undirect/Undirect/build/ModuleCache.noindex/_Builtin_stdint-9RS11TBSBJFLL7JXBLU33ZUSO.pcm /Users/runner/work/Undirect/Undirect/build/ModuleCache.noindex/AppIntents-5ICGKMGOL0OEMBMWEK9ZIXW74.pcm /Users/runner/work/Undirect/Undirect/build/ModuleCache.noindex/_Builtin_stdarg-8S74FSIKG7JCRXIT1D4V0ENCW.pcm /Users/runner/work/Undirect/Undirect/build/ModuleCache.noindex/_Builtin_intrinsics-A9RTDWH2MO6XLJLQ50832D3DN.pcm /Users/runner/work/Undirect/Undirect/build/ModuleCache.noindex/_Builtin_stddef-4VBNAOKGLTU6A7G07PPS26FYG.pcm /Users/runner/work/Undirect/Undirect/build/ModuleCache.noindex/_AvailabilityInternal-BRUQ1WCSYA9UWLVS0RJDKDTPQ.pcm /Users/runner/work/Undirect/Undirect/build/ModuleCache.noindex/Metal-4I8ZLTCQXN2J5JVL0UMFVWGRF.pcm /Users/runner/work/Undirect/Undirect/build/ModuleCache.noindex/IOSurface-9NHXBJ9WBFR0CEHYRI30BOBCI.pcm /Users/runner/work/Undirect/Undirect/build/ModuleCache.noindex/UserNotifications-6S042F92WACKXQZ5WJVY9P79R.pcm /Users/runner/work/Undirect/Undirect/build/ModuleCache.noindex/QuartzCore-5SAMK45JZ5S2OE9LIBY113V06.pcm /Users/runner/work/Undirect/Undirect/build/ModuleCache.noindex/Network-D1B4RVGA3FIA3CG6MHV92GBY3.pcm /Users/runner/work/Undirect/Undirect/build/ModuleCache.noindex/CoreImage-5OBFCNPC4VKK2VW0ENGQ9T23H.pcm /Users/runner/work/Undirect/Undirect/build/ModuleCache.noindex/OpenGLES-DSEV9VOE7MPMGDN3H0K5D4ELW.pcm /Users/runner/work/Undirect/Undirect/build/ModuleCache.noindex/CoreFoundation-BPJZSSVGS9AEYOQIUJH4SN49D.pcm /Users/runner/work/Undirect/Undirect/build/ModuleCache.noindex/CoreLocation-DGL496275GSVOOA4T9PDX7NRV.pcm /Users/runner/work/Undirect/Undirect/build/ModuleCache.noindex/CoreVideo-C636V4VRPWE3KL19LYJ4X2GJX.pcm /Users/runner/work/Undirect/Undirect/build/ModuleCache.noindex/CoreGraphics-XJPCZG87M67HFSS09LOBCF3J.pcm /Users/runner/work/Undirect/Undirect/build/ModuleCache.noindex/_DarwinFoundation1-AWH1JKGS64LKZFTQNFC05UV0Z.pcm /Users/runner/work/Undirect/Undirect/build/ModuleCache.noindex/Symbols-ABG4YEF29YNRPTWQ22XETZUSO.pcm /Users/runner/work/Undirect/Undirect/build/ModuleCache.noindex/ptrcheck-7OQBBA359X556UZA9825E42ZN.pcm /Users/runner/work/Undirect/Undirect/build/ModuleCache.noindex/simd-7PU2RCL8CTE8DO8UGH23HYL0C.pcm /Users/runner/work/Undirect/Undirect/build/ModuleCache.noindex/_SwiftConcurrencyShims-9RHBL7J1YW08HBGD706TJBK4O.pcm /Users/runner/work/Undirect/Undirect/build/ModuleCache.noindex/Darwin-5KX8TC1UQRI0WZM9J9MNF68F.pcm /Users/runner/work/Undirect/Undirect/build/ModuleCache.noindex/_Builtin_stdbool-9ZES2780OMSDMHTRNFEB2KRO7.pcm /Users/runner/work/Undirect/Undirect/build/ModuleCache.noindex/CoreData-74EDU41CDK5UTPYM978WU8LMR.pcm /Users/runner/work/Undirect/Undirect/build/ModuleCache.noindex/os_object-8G3IO5PVG48P9H2DTAH54FIUI.pcm /Users/runner/work/Undirect/Undirect/build/ModuleCache.noindex/_Builtin_stdatomic-BN3ZZ4FU4DBOM3RQ8M50I31CP.pcm /Users/runner/work/Undirect/Undirect/build/ModuleCache.noindex/_DarwinFoundation2-DQW48N9CX4MNU1G0M89Z75VWL.pcm /Users/runner/work/Undirect/Undirect/build/ModuleCache.noindex/UniformTypeIdentifiers-9TSPAJ6RTZ8LIUEFPH96HHV9H.pcm /Users/runner/work/Undirect/Undirect/build/ModuleCache.noindex/_Builtin_float-ASSTBNY48O3RODPMLV2SZNNKV.pcm /Users/runner/work/Undirect/Undirect/build/ModuleCache.noindex/dnssd-CNE9I2Y4J8OBZX43VMHMNOMTO.pcm /Users/runner/work/Undirect/Undirect/build/Build/Intermediates.noindex/Undirect.build/Release-iphoneos/Undirect.build/Objects-normal/arm64/Undirect-dependencies-1.json /Users/runner/work/Undirect/Undirect/build/Build/Intermediates.noindex/Undirect.build/Release-iphoneos/Undirect.build/Objects-normal/arm64/Undirect-primary-Bridging-header.pch (in target 'Undirect' from project 'Undirect')
CompileSwift normal arm64 (in target 'Undirect' from project 'Undirect')
    cd /Users/runner/work/Undirect/Undirect
    

LinkAssetCatalog /Users/runner/work/Undirect/Undirect/Sources/Assets.xcassets (in target 'Undirect' from project 'Undirect')
    cd /Users/runner/work/Undirect/Undirect
    builtin-linkAssetCatalog --thinned /Users/runner/work/Undirect/Undirect/build/Build/Intermediates.noindex/Undirect.build/Release-iphoneos/Undirect.build/assetcatalog_output/thinned --thinned-dependencies /Users/runner/work/Undirect/Undirect/build/Build/Intermediates.noindex/Undirect.build/Release-iphoneos/Undirect.build/assetcatalog_dependencies_thinned --thinned-info-plist-content /Users/runner/work/Undirect/Undirect/build/Build/Intermediates.noindex/Undirect.build/Release-iphoneos/Undirect.build/assetcatalog_generated_info.plist_thinned --unthinned /Users/runner/work/Undirect/Undirect/build/Build/Intermediates.noindex/Undirect.build/Release-iphoneos/Undirect.build/assetcatalog_output/unthinned --unthinned-dependencies /Users/runner/work/Undirect/Undirect/build/Build/Intermediates.noindex/Undirect.build/Release-iphoneos/Undirect.build/assetcatalog_dependencies_unthinned --unthinned-info-plist-content /Users/runner/work/Undirect/Undirect/build/Build/Intermediates.noindex/Undirect.build/Release-iphoneos/Undirect.build/assetcatalog_generated_info.plist_unthinned --output /Users/runner/work/Undirect/Undirect/build/Build/Products/Release-iphoneos/Undirect.app --plist-output /Users/runner/work/Undirect/Undirect/build/Build/Intermediates.noindex/Undirect.build/Release-iphoneos/Undirect.build/assetcatalog_generated_info.plist
note: Emplaced /Users/runner/work/Undirect/Undirect/build/Build/Products/Release-iphoneos/Undirect.app/AppIcon60x60@2x.png (in target 'Undirect' from project 'Undirect')
note: Emplaced /Users/runner/work/Undirect/Undirect/build/Build/Products/Release-iphoneos/Undirect.app/Assets.car (in target 'Undirect' from project 'Undirect')

SwiftDriverJobDiscovery normal arm64 Compiling AppDelegate.swift, AppLog.swift, BrowserContainerViewController.swift, ContentBlocker.swift, FavoritesStore.swift, FavoritesViewController.swift, ImmersiveMode.swift, LinkTrust.swift, NewTabPageViewController.swift, OnionIcon.swift, PWA.swift, PrivacyServices.swift, SceneDelegate.swift, SessionStore.swift, Settings.swift, SettingsViewController.swift, ShortcutsActions.swift, SiteReputationIndex.swift, StandalonePWAViewController.swift, Tab.swift, TabSidebarView.swift, TorManager.swift, URLCleaner.swift, WebEngine.swift, WhitelistStore.swift, WhitelistViewController.swift, GeneratedAssetSymbols.swift (in target 'Undirect' from project 'Undirect')

SwiftDriver\ Compilation\ Requirements Undirect normal arm64 com.apple.xcode.tools.swift.compiler (in target 'Undirect' from project 'Undirect')
    cd /Users/runner/work/Undirect/Undirect
    builtin-Swift-Compilation-Requirements -- /Applications/Xcode_26.2.app/Contents/Developer/Toolchains/XcodeDefault.xctoolchain/usr/bin/swiftc -module-name Undirect -O -whole-module-optimization -enforce-exclusivity\=checked @/Users/runner/work/Undirect/Undirect/build/Build/Intermediates.noindex/Undirect.build/Release-iphoneos/Undirect.build/Objects-normal/arm64/Undirect.SwiftFileList -enable-bare-slash-regex -enable-experimental-feature DebugDescriptionMacro -sdk /Applications/Xcode_26.2.app/Contents/Developer/Platforms/iPhoneOS.platform/Developer/SDKs/iPhoneOS26.2.sdk -target arm64-apple-ios17.0 -g -module-cache-path /Users/runner/work/Undirect/Undirect/build/ModuleCache.noindex -Xfrontend -serialize-debugging-options -swift-version 5 -I /Users/runner/work/Undirect/Undirect/build/Build/Products/Release-iphoneos -F /Users/runner/work/Undirect/Undirect/build/Build/Products/Release-iphoneos -F Frameworks -c -num-threads 3 -Xcc -ivfsstatcache -Xcc /Users/runner/work/Undirect/Undirect/build/SDKStatCaches.noindex/iphoneos26.2-23C53-dc75598d0054f22ec865fa860f139d72e6485aba7f6c350f1fcf1acb823f48eb.sdkstatcache -output-file-map /Users/runner/work/Undirect/Undirect/build/Build/Intermediates.noindex/Undirect.build/Release-iphoneos/Undirect.build/Objects-normal/arm64/Undirect-OutputFileMap.json -use-frontend-parseable-output -save-temps -no-color-diagnostics -explicit-module-build -module-cache-path /Users/runner/work/Undirect/Undirect/build/Build/Intermediates.noindex/SwiftExplicitPrecompiledModules -clang-scanner-module-cache-path /Users/runner/work/Undirect/Undirect/build/ModuleCache.noindex -sdk-module-cache-path /Users/runner/work/Undirect/Undirect/build/ModuleCache.noindex -serialize-diagnostics -emit-dependencies -emit-module -emit-module-path /Users/runner/work/Undirect/Undirect/build/Build/Intermediates.noindex/Undirect.build/Release-iphoneos/Undirect.build/Objects-normal/arm64/Undirect.swiftmodule -validate-clang-modules-once -clang-build-session-file /Users/runner/work/Undirect/Undirect/build/ModuleCache.noindex/Session.modulevalidation -Xcc -I/Users/runner/work/Undirect/Undirect/build/Build/Intermediates.noindex/Undirect.build/Release-iphoneos/Undirect.build/swift-overrides.hmap -emit-const-values -Xfrontend -const-gather-protocols-file -Xfrontend /Users/runner/work/Undirect/Undirect/build/Build/Intermediates.noindex/Undirect.build/Release-iphoneos/Undirect.build/Objects-normal/arm64/Undirect_const_extract_protocols.json -Xcc -iquote -Xcc /Users/runner/work/Undirect/Undirect/build/Build/Intermediates.noindex/Undirect.build/Release-iphoneos/Undirect.build/Undirect-generated-files.hmap -Xcc -I/Users/runner/work/Undirect/Undirect/build/Build/Intermediates.noindex/Undirect.build/Release-iphoneos/Undirect.build/Undirect-own-target-headers.hmap -Xcc -I/Users/runner/work/Undirect/Undirect/build/Build/Intermediates.noindex/Undirect.build/Release-iphoneos/Undirect.build/Undirect-all-target-headers.hmap -Xcc -iquote -Xcc /Users/runner/work/Undirect/Undirect/build/Build/Intermediates.noindex/Undirect.build/Release-iphoneos/Undirect.build/Undirect-project-headers.hmap -Xcc -I/Users/runner/work/Undirect/Undirect/build/Build/Products/Release-iphoneos/include -Xcc -I/Users/runner/work/Undirect/Undirect/build/Build/Intermediates.noindex/Undirect.build/Release-iphoneos/Undirect.build/DerivedSources-normal/arm64 -Xcc -I/Users/runner/work/Undirect/Undirect/build/Build/Intermediates.noindex/Undirect.build/Release-iphoneos/Undirect.build/DerivedSources/arm64 -Xcc -I/Users/runner/work/Undirect/Undirect/build/Build/Intermediates.noindex/Undirect.build/Release-iphoneos/Undirect.build/DerivedSources -emit-objc-header -emit-objc-header-path /Users/runner/work/Undirect/Undirect/build/Build/Intermediates.noindex/Undirect.build/Release-iphoneos/Undirect.build/Objects-normal/arm64/Undirect-Swift.h -import-objc-header /Users/runner/work/Undirect/Undirect/Sources/Undirect-Bridging-Header.h -working-directory /Users/runner/work/Undirect/Undirect -no-emit-module-separately-wmo

SwiftMergeGeneratedHeaders /Users/runner/work/Undirect/Undirect/build/Build/Intermediates.noindex/Undirect.build/Release-iphoneos/Undirect.build/DerivedSources/Undirect-Swift.h /Users/runner/work/Undirect/Undirect/build/Build/Intermediates.noindex/Undirect.build/Release-iphoneos/Undirect.build/Objects-normal/arm64/Undirect-Swift.h (in target 'Undirect' from project 'Undirect')
    cd /Users/runner/work/Undirect/Undirect
    builtin-swiftHeaderTool -arch arm64 /Users/runner/work/Undirect/Undirect/build/Build/Intermediates.noindex/Undirect.build/Release-iphoneos/Undirect.build/Objects-normal/arm64/Undirect-Swift.h -o /Users/runner/work/Undirect/Undirect/build/Build/Intermediates.noindex/Undirect.build/Release-iphoneos/Undirect.build/DerivedSources/Undirect-Swift.h

Copy /Users/runner/work/Undirect/Undirect/build/Build/Products/Release-iphoneos/Undirect.swiftmodule/arm64-apple-ios.swiftmodule /Users/runner/work/Undirect/Undirect/build/Build/Intermediates.noindex/Undirect.build/Release-iphoneos/Undirect.build/Objects-normal/arm64/Undirect.swiftmodule (in target 'Undirect' from project 'Undirect')
    cd /Users/runner/work/Undirect/Undirect
    builtin-copy -exclude .DS_Store -exclude CVS -exclude .svn -exclude .git -exclude .hg -resolve-src-symlinks -rename /Users/runner/work/Undirect/Undirect/build/Build/Intermediates.noindex/Undirect.build/Release-iphoneos/Undirect.build/Objects-normal/arm64/Undirect.swiftmodule /Users/runner/work/Undirect/Undirect/build/Build/Products/Release-iphoneos/Undirect.swiftmodule/arm64-apple-ios.swiftmodule

Copy /Users/runner/work/Undirect/Undirect/build/Build/Products/Release-iphoneos/Undirect.swiftmodule/arm64-apple-ios.swiftdoc /Users/runner/work/Undirect/Undirect/build/Build/Intermediates.noindex/Undirect.build/Release-iphoneos/Undirect.build/Objects-normal/arm64/Undirect.swiftdoc (in target 'Undirect' from project 'Undirect')
    cd /Users/runner/work/Undirect/Undirect
    builtin-copy -exclude .DS_Store -exclude CVS -exclude .svn -exclude .git -exclude .hg -resolve-src-symlinks -rename /Users/runner/work/Undirect/Undirect/build/Build/Intermediates.noindex/Undirect.build/Release-iphoneos/Undirect.build/Objects-normal/arm64/Undirect.swiftdoc /Users/runner/work/Undirect/Undirect/build/Build/Products/Release-iphoneos/Undirect.swiftmodule/arm64-apple-ios.swiftdoc

Copy /Users/runner/work/Undirect/Undirect/build/Build/Products/Release-iphoneos/Undirect.swiftmodule/arm64-apple-ios.abi.json /Users/runner/work/Undirect/Undirect/build/Build/Intermediates.noindex/Undirect.build/Release-iphoneos/Undirect.build/Objects-normal/arm64/Undirect.abi.json (in target 'Undirect' from project 'Undirect')
    cd /Users/runner/work/Undirect/Undirect
    builtin-copy -exclude .DS_Store -exclude CVS -exclude .svn -exclude .git -exclude .hg -resolve-src-symlinks -rename /Users/runner/work/Undirect/Undirect/build/Build/Intermediates.noindex/Undirect.build/Release-iphoneos/Undirect.build/Objects-normal/arm64/Undirect.abi.json /Users/runner/work/Undirect/Undirect/build/Build/Products/Release-iphoneos/Undirect.swiftmodule/arm64-apple-ios.abi.json

Copy /Users/runner/work/Undirect/Undirect/build/Build/Products/Release-iphoneos/Undirect.swiftmodule/Project/arm64-apple-ios.swiftsourceinfo /Users/runner/work/Undirect/Undirect/build/Build/Intermediates.noindex/Undirect.build/Release-iphoneos/Undirect.build/Objects-normal/arm64/Undirect.swiftsourceinfo (in target 'Undirect' from project 'Undirect')
    cd /Users/runner/work/Undirect/Undirect
    builtin-copy -exclude .DS_Store -exclude CVS -exclude .svn -exclude .git -exclude .hg -resolve-src-symlinks -rename /Users/runner/work/Undirect/Undirect/build/Build/Intermediates.noindex/Undirect.build/Release-iphoneos/Undirect.build/Objects-normal/arm64/Undirect.swiftsourceinfo /Users/runner/work/Undirect/Undirect/build/Build/Products/Release-iphoneos/Undirect.swiftmodule/Project/arm64-apple-ios.swiftsourceinfo

Ld /Users/runner/work/Undirect/Undirect/build/Build/Products/Release-iphoneos/Undirect.app/Undirect normal (in target 'Undirect' from project 'Undirect')
    cd /Users/runner/work/Undirect/Undirect
    /Applications/Xcode_26.2.app/Contents/Developer/Toolchains/XcodeDefault.xctoolchain/usr/bin/clang -Xlinker -reproducible -target arm64-apple-ios17.0 -isysroot /Applications/Xcode_26.2.app/Contents/Developer/Platforms/iPhoneOS.platform/Developer/SDKs/iPhoneOS26.2.sdk -Os -L/Users/runner/work/Undirect/Undirect/build/Build/Intermediates.noindex/EagerLinkingTBDs/Release-iphoneos -L/Users/runner/work/Undirect/Undirect/build/Build/Products/Release-iphoneos -F/Users/runner/work/Undirect/Undirect/build/Build/Intermediates.noindex/EagerLinkingTBDs/Release-iphoneos -F/Users/runner/work/Undirect/Undirect/build/Build/Products/Release-iphoneos -FFrameworks -filelist /Users/runner/work/Undirect/Undirect/build/Build/Intermediates.noindex/Undirect.build/Release-iphoneos/Undirect.build/Objects-normal/arm64/Undirect.LinkFileList -Xlinker -rpath -Xlinker /usr/lib/swift -Xlinker -rpath -Xlinker @executable_path/Frameworks -dead_strip -Xlinker -object_path_lto -Xlinker /Users/runner/work/Undirect/Undirect/build/Build/Intermediates.noindex/Undirect.build/Release-iphoneos/Undirect.build/Objects-normal/arm64/Undirect_lto.o -Xlinker -dependency_info -Xlinker /Users/runner/work/Undirect/Undirect/build/Build/Intermediates.noindex/Undirect.build/Release-iphoneos/Undirect.build/Objects-normal/arm64/Undirect_dependency_info.dat -fobjc-link-runtime -L/Applications/Xcode_26.2.app/Contents/Developer/Toolchains/XcodeDefault.xctoolchain/usr/lib/swift/iphoneos -L/usr/lib/swift -Xlinker -add_ast_path -Xlinker /Users/runner/work/Undirect/Undirect/build/Build/Intermediates.noindex/Undirect.build/Release-iphoneos/Undirect.build/Objects-normal/arm64/Undirect.swiftmodule @/Users/runner/work/Undirect/Undirect/build/Build/Intermediates.noindex/Undirect.build/Release-iphoneos/Undirect.build/Objects-normal/arm64/Undirect-linker-args.resp -framework tor-nolzma -lz -lresolv -o /Users/runner/work/Undirect/Undirect/build/Build/Products/Release-iphoneos/Undirect.app/Undirect

Copy /Users/runner/work/Undirect/Undirect/build/Build/Products/Release-iphoneos/Undirect.app/PlugIns/UndirectShare.appex /Users/runner/work/Undirect/Undirect/build/Build/Products/Release-iphoneos/UndirectShare.appex (in target 'Undirect' from project 'Undirect')
    cd /Users/runner/work/Undirect/Undirect
    builtin-copy -exclude .DS_Store -exclude CVS -exclude .svn -exclude .git -exclude .hg -exclude Headers -exclude PrivateHeaders -exclude Modules -exclude \*.tbd -resolve-src-symlinks -remove-static-executable /Users/runner/work/Undirect/Undirect/build/Build/Products/Release-iphoneos/UndirectShare.appex /Users/runner/work/Undirect/Undirect/build/Build/Products/Release-iphoneos/Undirect.app/PlugIns

ProcessInfoPlistFile /Users/runner/work/Undirect/Undirect/build/Build/Products/Release-iphoneos/Undirect.app/Info.plist /Users/runner/work/Undirect/Undirect/Sources/Info.plist (in target 'Undirect' from project 'Undirect')
    cd /Users/runner/work/Undirect/Undirect
    builtin-infoPlistUtility /Users/runner/work/Undirect/Undirect/Sources/Info.plist -producttype com.apple.product-type.application -genpkginfo /Users/runner/work/Undirect/Undirect/build/Build/Products/Release-iphoneos/Undirect.app/PkgInfo -expandbuildsettings -format binary -platform iphoneos -additionalcontentfile /Users/runner/work/Undirect/Undirect/build/Build/Intermediates.noindex/Undirect.build/Release-iphoneos/Undirect.build/assetcatalog_generated_info.plist -scanforprivacyfile /Users/runner/work/Undirect/Undirect/build/Build/Products/Release-iphoneos/Undirect.app/PlugIns/UndirectShare.appex -requiredArchitecture arm64 -o /Users/runner/work/Undirect/Undirect/build/Build/Products/Release-iphoneos/Undirect.app/Info.plist

ExtractAppIntentsMetadata (in target 'Undirect' from project 'Undirect')
    cd /Users/runner/work/Undirect/Undirect
    /Applications/Xcode_26.2.app/Contents/Developer/Toolchains/XcodeDefault.xctoolchain/usr/bin/appintentsmetadataprocessor --toolchain-dir /var/run/com.apple.security.cryptexd/mnt/com.apple.MobileAsset.MetalToolchain-v17.3.7003.10.nd6MkF/Metal.xctoolchain --module-name Undirect --sdk-root /Applications/Xcode_26.2.app/Contents/Developer/Platforms/iPhoneOS.platform/Developer/SDKs/iPhoneOS26.2.sdk --xcode-version 17C52 --platform-family iOS --deployment-target 17.0 --bundle-identifier com.stalloevan.undirect --output /Users/runner/work/Undirect/Undirect/build/Build/Products/Release-iphoneos/Undirect.app --target-triple arm64-apple-ios17.0 --binary-file /Users/runner/work/Undirect/Undirect/build/Build/Products/Release-iphoneos/Undirect.app/Undirect --dependency-file /Users/runner/work/Undirect/Undirect/build/Build/Intermediates.noindex/Undirect.build/Release-iphoneos/Undirect.build/Objects-normal/arm64/Undirect_dependency_info.dat --stringsdata-file /Users/runner/work/Undirect/Undirect/build/Build/Intermediates.noindex/Undirect.build/Release-iphoneos/Undirect.build/Objects-normal/arm64/ExtractedAppShortcutsMetadata.stringsdata --source-file-list /Users/runner/work/Undirect/Undirect/build/Build/Intermediates.noindex/Undirect.build/Release-iphoneos/Undirect.build/Objects-normal/arm64/Undirect.SwiftFileList --metadata-file-list /Users/runner/work/Undirect/Undirect/build/Build/Intermediates.noindex/Undirect.build/Release-iphoneos/Undirect.build/Undirect.DependencyMetadataFileList --static-metadata-file-list /Users/runner/work/Undirect/Undirect/build/Build/Intermediates.noindex/Undirect.build/Release-iphoneos/Undirect.build/Undirect.DependencyStaticMetadataFileList --swift-const-vals-list /Users/runner/work/Undirect/Undirect/build/Build/Intermediates.noindex/Undirect.build/Release-iphoneos/Undirect.build/Objects-normal/arm64/Undirect.SwiftConstValuesFileList --compile-time-extraction --deployment-aware-processing --validate-assistant-intents --no-app-shortcuts-localization
2026-09-26 18:38:52.108 appintentsmetadataprocessor[4498:16468] Starting appintentsmetadataprocessor export
2026-09-26 18:38:52.328 appintentsmetadataprocessor[4498:16468] Writing Metadata.appintents
2026-09-26 18:38:52.328 appintentsmetadataprocessor[4498:16468] Metadata root: /Users/runner/work/Undirect/Undirect/build/Build/Products/Release-iphoneos/Undirect.app/Metadata.appintents

CopySwiftLibs /Users/runner/work/Undirect/Undirect/build/Build/Products/Release-iphoneos/Undirect.app (in target 'Undirect' from project 'Undirect')
    cd /Users/runner/work/Undirect/Undirect
    builtin-swiftStdLibTool --copy --verbose --scan-executable /Users/runner/work/Undirect/Undirect/build/Build/Products/Release-iphoneos/Undirect.app/Undirect --scan-folder /Users/runner/work/Undirect/Undirect/build/Build/Products/Release-iphoneos/Undirect.app/Frameworks --scan-folder /Users/runner/work/Undirect/Undirect/build/Build/Products/Release-iphoneos/Undirect.app/PlugIns --scan-folder /Users/runner/work/Undirect/Undirect/build/Build/Products/Release-iphoneos/Undirect.app/SystemExtensions --scan-folder /Users/runner/work/Undirect/Undirect/build/Build/Products/Release-iphoneos/Undirect.app/Extensions --platform iphoneos --toolchain /var/run/com.apple.security.cryptexd/mnt/com.apple.MobileAsset.MetalToolchain-v17.3.7003.10.nd6MkF/Metal.xctoolchain --toolchain /Applications/Xcode_26.2.app/Contents/Developer/Toolchains/XcodeDefault.xctoolchain --destination /Users/runner/work/Undirect/Undirect/build/Build/Products/Release-iphoneos/Undirect.app/Frameworks --strip-bitcode --strip-bitcode-tool /Applications/Xcode_26.2.app/Contents/Developer/Toolchains/XcodeDefault.xctoolchain/usr/bin/bitcode_strip --emit-dependency-info /Users/runner/work/Undirect/Undirect/build/Build/Intermediates.noindex/Undirect.build/Release-iphoneos/Undirect.build/SwiftStdLibToolInputDependencies.dep --filter-for-swift-os --back-deploy-swift-span
Ignoring --strip-bitcode because --sign was not passed

ValidateEmbeddedBinary /Users/runner/work/Undirect/Undirect/build/Build/Products/Release-iphoneos/Undirect.app/PlugIns/UndirectShare.appex (in target 'Undirect' from project 'Undirect')
    cd /Users/runner/work/Undirect/Undirect
    /Applications/Xcode_26.2.app/Contents/Developer/usr/bin/embeddedBinaryValidationUtility /Users/runner/work/Undirect/Undirect/build/Build/Products/Release-iphoneos/Undirect.app/PlugIns/UndirectShare.appex -info-plist-path /Users/runner/work/Undirect/Undirect/build/Build/Products/Release-iphoneos/Undirect.app/Info.plist

GenerateDSYMFile /Users/runner/work/Undirect/Undirect/build/Build/Products/Release-iphoneos/Undirect.app.dSYM /Users/runner/work/Undirect/Undirect/build/Build/Products/Release-iphoneos/Undirect.app/Undirect (in target 'Undirect' from project 'Undirect')
    cd /Users/runner/work/Undirect/Undirect
    /Applications/Xcode_26.2.app/Contents/Developer/Toolchains/XcodeDefault.xctoolchain/usr/bin/dsymutil /Users/runner/work/Undirect/Undirect/build/Build/Products/Release-iphoneos/Undirect.app/Undirect -o /Users/runner/work/Undirect/Undirect/build/Build/Products/Release-iphoneos/Undirect.app.dSYM
warning: (arm64)  could not find symbol '_log_set_application_name' in object file '/Users/runner/work/Undirect/Undirect/build/Build/Products/Release-iphoneos/tor-nolzma.framework/tor-nolzma(log.o)'
warning: (arm64)  could not find symbol '_log_fn_' in object file '/Users/runner/work/Undirect/Undirect/build/Build/Products/Release-iphoneos/tor-nolzma.framework/tor-nolzma(log.o)'
warning: (arm64)  could not find symbol '_set_log_time_granularity' in object file '/Users/runner/work/Undirect/Undirect/build/Build/Products/Release-iphoneos/tor-nolzma.framework/tor-nolzma(log.o)'
warning: (arm64)  could not find symbol '_tor_log' in object file '/Users/runner/work/Undirect/Undirect/build/Build/Products/Release-iphoneos/tor-nolzma.framework/tor-nolzma(log.o)'
warning: (arm64)  could not find symbol '_logv' in object file '/Users/runner/work/Undirect/Undirect/build/Build/Products/Release-iphoneos/tor-nolzma.framework/tor-nolzma(log.o)'
warning: (arm64)  could not find symbol '_tor_log_update_sigsafe_err_fds' in object file '/Users/runner/work/Undirect/Undirect/build/Build/Products/Release-iphoneos/tor-nolzma.framework/tor-nolzma(log.o)'
warning: (arm64)  could not find symbol '_tor_log_get_logfile_names' in object file '/Users/runner/work/Undirect/Undirect/build/Build/Products/Release-iphoneos/tor-nolzma.framework/tor-nolzma(log.o)'
warning: (arm64)  could not find symbol '_log_fn_ratelim_' in object file '/Users/runner/work/Undirect/Undirect/build/Build/Products/Release-iphoneos/tor-nolzma.framework/tor-nolzma(log.o)'
warning: (arm64)  could not find symbol '_logs_free_all' in object file '/Users/runner/work/Undirect/Undirect/build/Build/Products/Release-iphoneos/tor-nolzma.framework/tor-nolzma(log.o)'
warning: (arm64)  could not find symbol '_logs_flush_sigsafe' in object file '/Users/runner/work/Undirect/Undirect/build/Build/Products/Release-iphoneos/tor-nolzma.framework/tor-nolzma(log.o)'
warning: (arm64)  could not find symbol '_set_log_severity_config' in object file '/Users/runner/work/Undirect/Undirect/build/Build/Products/Release-iphoneos/tor-nolzma.framework/tor-nolzma(log.o)'
warning: (arm64)  could not find symbol '_add_stream_log' in object file '/Users/runner/work/Undirect/Undirect/build/Build/Products/Release-iphoneos/tor-nolzma.framework/tor-nolzma(log.o)'
warning: (arm64)  could not find symbol '_init_logging' in object file '/Users/runner/work/Undirect/Undirect/build/Build/Products/Release-iphoneos/tor-nolzma.framework/tor-nolzma(log.o)'
warning: (arm64)  could not find symbol '_logs_set_domain_logging' in object file '/Users/runner/work/Undirect/Undirect/build/Build/Products/Release-iphoneos/tor-nolzma.framework/tor-nolzma(log.o)'
warning: (arm64)  could not find symbol '_add_default_log' in object file '/Users/runner/work/Undirect/Undirect/build/Build/Products/Release-iphoneos/tor-nolzma.framework/tor-nolzma(log.o)'
warning: (arm64)  could not find symbol '_logs_set_pending_callback_callback' in object file '/Users/runner/work/Undirect/Undirect/build/Build/Products/Release-iphoneos/tor-nolzma.framework/tor-nolzma(log.o)'
warning: (arm64)  could not find symbol '_add_callback_log' in object file '/Users/runner/work/Undirect/Undirect/build/Build/Products/Release-iphoneos/tor-nolzma.framework/tor-nolzma(log.o)'
warning: (arm64)  could not find symbol '_get_min_log_level' in object file '/Users/runner/work/Undirect/Undirect/build/Build/Products/Release-iphoneos/tor-nolzma.framework/tor-nolzma(log.o)'
warning: (arm64)  could not find symbol '_change_callback_log_severity' in object file '/Users/runner/work/Undirect/Undirect/build/Build/Products/Release-iphoneos/tor-nolzma.framework/tor-nolzma(log.o)'
warning: (arm64)  could not find symbol '_flush_pending_log_callbacks' in object file '/Users/runner/work/Undirect/Undirect/build/Build/Products/Release-iphoneos/tor-nolzma.framework/tor-nolzma(log.o)'
warning: (arm64)  could not find symbol '_flush_log_messages_from_startup' in object file '/Users/runner/work/Undirect/Undirect/build/Build/Products/Release-iphoneos/tor-nolzma.framework/tor-nolzma(log.o)'
warning: (arm64)  could not find symbol '_close_temp_logs' in object file '/Users/runner/work/Undirect/Undirect/build/Build/Products/Release-iphoneos/tor-nolzma.framework/tor-nolzma(log.o)'
warning: (arm64)  could not find symbol '_rollback_log_changes' in object file '/Users/runner/work/Undirect/Undirect/build/Build/Products/Release-iphoneos/tor-nolzma.framework/tor-nolzma(log.o)'
warning: (arm64)  could not find symbol '_mark_logs_temp' in object file '/Users/runner/work/Undirect/Undirect/build/Build/Products/Release-iphoneos/tor-nolzma.framework/tor-nolzma(log.o)'
warning: (arm64)  could not find symbol '_add_file_log' in object file '/Users/runner/work/Undirect/Undirect/build/Build/Products/Release-iphoneos/tor-nolzma.framework/tor-nolzma(log.o)'
warning: (arm64)  could not find symbol '_add_syslog_log' in object file '/Users/runner/work/Undirect/Undirect/build/Build/Products/Release-iphoneos/tor-nolzma.framework/tor-nolzma(log.o)'
warning: (arm64)  could not find symbol '_parse_log_severity_config' in object file '/Users/runner/work/Undirect/Undirect/build/Build/Products/Release-iphoneos/tor-nolzma.framework/tor-nolzma(log.o)'
warning: (arm64)  could not find symbol '_switch_logs_debug' in object file '/Users/runner/work/Undirect/Undirect/build/Build/Products/Release-iphoneos/tor-nolzma.framework/tor-nolzma(log.o)'
warning: (arm64)  could not find symbol '_truncate_logs' in object file '/Users/runner/work/Undirect/Undirect/build/Build/Products/Release-iphoneos/tor-nolzma.framework/tor-nolzma(log.o)'
warning: (arm64)  could not find symbol '_format_msg' in object file '/Users/runner/work/Undirect/Undirect/build/Build/Products/Release-iphoneos/tor-nolzma.framework/tor-nolzma(log.o)'
warning: (arm64)  could not find symbol '_domain_list' in object file '/Users/runner/work/Undirect/Undirect/build/Build/Products/Release-iphoneos/tor-nolzma.framework/tor-nolzma(log.o)'
warning: (arm64)  could not find symbol '_log_global_min_severity_' in object file '/Users/runner/work/Undirect/Undirect/build/Build/Products/Release-iphoneos/tor-nolzma.framework/tor-nolzma(log.o)'
warning: (arm64)  could not find symbol '_log_time_granularity' in object file '/Users/runner/work/Undirect/Undirect/build/Build/Products/Release-iphoneos/tor-nolzma.framework/tor-nolzma(log.o)'
warning: (arm64)  could not find symbol '_appname' in object file '/Users/runner/work/Undirect/Undirect/build/Build/Products/Release-iphoneos/tor-nolzma.framework/tor-nolzma(log.o)'
warning: (arm64)  could not find symbol '_log_mutex_initialized' in object file '/Users/runner/work/Undirect/Undirect/build/Build/Products/Release-iphoneos/tor-nolzma.framework/tor-nolzma(log.o)'
warning: (arm64)  could not find symbol '_log_mutex' in object file '/Users/runner/work/Undirect/Undirect/build/Build/Products/Release-iphoneos/tor-nolzma.framework/tor-nolzma(log.o)'
warning: (arm64)  could not find symbol '_logfiles' in object file '/Users/runner/work/Undirect/Undirect/build/Build/Products/Release-iphoneos/tor-nolzma.framework/tor-nolzma(log.o)'
warning: (arm64)  could not find symbol '_pending_cb_messages' in object file '/Users/runner/work/Undirect/Undirect/build/Build/Products/Release-iphoneos/tor-nolzma.framework/tor-nolzma(log.o)'
warning: (arm64)  could not find symbol '_pending_cb_cb' in object file '/Users/runner/work/Undirect/Undirect/build/Build/Products/Release-iphoneos/tor-nolzma.framework/tor-nolzma(log.o)'
warning: (arm64)  could not find symbol '_pending_startup_messages' in object file '/Users/runner/work/Undirect/Undirect/build/Build/Products/Release-iphoneos/tor-nolzma.framework/tor-nolzma(log.o)'
warning: (arm64)  could not find symbol '_pretty_fn_has_parens' in object file '/Users/runner/work/Undirect/Undirect/build/Build/Products/Release-iphoneos/tor-nolzma.framework/tor-nolzma(log.o)'
warning: (arm64)  could not find symbol '_queue_startup_messages' in object file '/Users/runner/work/Undirect/Undirect/build/Build/Products/Release-iphoneos/tor-nolzma.framework/tor-nolzma(log.o)'
warning: (arm64)  could not find symbol '_log_domains_are_logged' in object file '/Users/runner/work/Undirect/Undirect/build/Build/Products/Release-iphoneos/tor-nolzma.framework/tor-nolzma(log.o)'
warning: (arm64)  could not find symbol '_pending_startup_messages_len' in object file '/Users/runner/work/Undirect/Undirect/build/Build/Products/Release-iphoneos/tor-nolzma.framework/tor-nolzma(log.o)'
warning: (arm64)  could not find symbol '_syslog_count' in object file '/Users/runner/work/Undirect/Undirect/build/Build/Products/Release-iphoneos/tor-nolzma.framework/tor-nolzma(log.o)'
warning: (arm64)  could not find symbol '_add_syslog_log.buf' in object file '/Users/runner/work/Undirect/Undirect/build/Build/Products/Release-iphoneos/tor-nolzma.framework/tor-nolzma(log.o)'

AppIntentsSSUTraining (in target 'Undirect' from project 'Undirect')
    cd /Users/runner/work/Undirect/Undirect
    /Applications/Xcode_26.2.app/Contents/Developer/Toolchains/XcodeDefault.xctoolchain/usr/bin/appintentsnltrainingprocessor --infoplist-path /Users/runner/work/Undirect/Undirect/build/Build/Products/Release-iphoneos/Undirect.app/Info.plist --temp-dir-path /Users/runner/work/Undirect/Undirect/build/Build/Intermediates.noindex/Undirect.build/Release-iphoneos/Undirect.build/ssu --bundle-id com.stalloevan.undirect --product-path /Users/runner/work/Undirect/Undirect/build/Build/Products/Release-iphoneos/Undirect.app --extracted-metadata-path /Users/runner/work/Undirect/Undirect/build/Build/Products/Release-iphoneos/Undirect.app/Metadata.appintents --metadata-file-list /Users/runner/work/Undirect/Undirect/build/Build/Intermediates.noindex/Undirect.build/Release-iphoneos/Undirect.build/Undirect.DependencyMetadataFileList --archive-ssu-assets
2026-09-26 18:38:52.365 appintentsnltrainingprocessor[4501:16473] Parsing options for appintentsnltrainingprocessor
2026-09-26 18:38:52.367 appintentsnltrainingprocessor[4501:16473] Starting AppIntents SSU YAML Generation
2026-09-26 18:38:52.383 appintentsnltrainingprocessor[4501:16473] Training 'Open immersive in ${+applicationName}|Open ${+applicationName} immersive' for en
2026-09-26 18:38:52.383 appintentsnltrainingprocessor[4501:16473] Training 'Open a URL in ${+applicationName}' for en
2026-09-26 18:38:52.383 appintentsnltrainingprocessor[4501:16473] Training 'Open a URL in Tor in ${+applicationName}' for en
2026-09-26 18:38:52.383 appintentsnltrainingprocessor[4501:16473] Training 'New tab in ${+applicationName}' for en
2026-09-26 18:38:52.383 appintentsnltrainingprocessor[4501:16473] Training 'Clear browsing data in ${+applicationName}' for en
2026-09-26 18:38:52.383 appintentsnltrainingprocessor[4501:16473] Training 'New Tor identity in ${+applicationName}' for en
2026-09-26 18:38:52.383 appintentsnltrainingprocessor[4501:16473] Training 'Add a favorite in ${+applicationName}' for en
2026-09-26 18:38:52.383 appintentsnltrainingprocessor[4501:16473] Training 'Get favorites from ${+applicationName}' for en
2026-09-26 18:38:52.383 appintentsnltrainingprocessor[4501:16473] Training Negative Phrases '' for en
2026-09-26 18:38:52.383 appintentsnltrainingprocessor[4501:16473] Application name 'Undirect' for en
2026-09-26 18:38:52.400 appintentsnltrainingprocessor[4501:16473] Generated AppIntents SSU YAML files in file:///Users/runner/work/Undirect/Undirect/build/Build/Intermediates.noindex/Undirect.build/Release-iphoneos/Undirect.build/ssu/
2026-09-26 18:38:52.400 appintentsnltrainingprocessor[4501:16473] Copied AppIntents SSU YAML files to file:///Users/runner/work/Undirect/Undirect/build/Build/Products/Release-iphoneos/Undirect.app/Metadata.appintents/
Archiving all locales.
[------------------------------------------------------------] 0% archiving en[🁢🁢🁢🁢🁢🁢🁢🁢🁢🁢🁢🁢🁢🁢🁢🁢🁢🁢🁢🁢🁢🁢🁢🁢🁢🁢🁢🁢🁢🁢🁢🁢🁢🁢🁢🁢🁢🁢🁢🁢🁢🁢🁢🁢🁢🁢🁢🁢🁢🁢🁢🁢🁢🁢🁢🁢🁢🁢🁢🁢] 100% archived en[🁢🁢🁢🁢🁢🁢🁢🁢🁢🁢🁢🁢🁢🁢🁢🁢🁢🁢🁢🁢🁢🁢🁢🁢🁢🁢🁢🁢🁢🁢🁢🁢🁢🁢🁢🁢🁢🁢🁢🁢🁢🁢🁢🁢🁢🁢🁢🁢🁢🁢🁢🁢🁢🁢🁢🁢🁢🁢🁢🁢] 100% archived 1 locales/Users/runner/work/Undirect/Undirect/build/Build/Products/Release-iphoneos/Undirect.app/Metadata.appintents/nlu
/Users/runner/work/Undirect/Undirect/build/Build/Products/Release-iphoneos/Undirect.app/Metadata.appintents/nlu/ccdfa569e90de7a6a282539460471b73.version


RegisterExecutionPolicyException /Users/runner/work/Undirect/Undirect/build/Build/Products/Release-iphoneos/Undirect.app (in target 'Undirect' from project 'Undirect')
    cd /Users/runner/work/Undirect/Undirect
    builtin-RegisterExecutionPolicyException /Users/runner/work/Undirect/Undirect/build/Build/Products/Release-iphoneos/Undirect.app

Validate /Users/runner/work/Undirect/Undirect/build/Build/Products/Release-iphoneos/Undirect.app (in target 'Undirect' from project 'Undirect')
    cd /Users/runner/work/Undirect/Undirect
    builtin-validationUtility /Users/runner/work/Undirect/Undirect/build/Build/Products/Release-iphoneos/Undirect.app -shallow-bundle -infoplist-subpath Info.plist
warning: All interface orientations must be supported unless the app requires full screen. (in target 'Undirect' from project 'Undirect')

Touch /Users/runner/work/Undirect/Undirect/build/Build/Products/Release-iphoneos/Undirect.app (in target 'Undirect' from project 'Undirect')
    cd /Users/runner/work/Undirect/Undirect
    /usr/bin/touch -c /Users/runner/work/Undirect/Undirect/build/Build/Products/Release-iphoneos/Undirect.app

** BUILD SUCCEEDED **

